path,id,label,pid,h,w,vmin,vmax,mask_px,mask_frac
/content/brain_tumor_mat/1.mat,1,0,100360,512,512,0.0,3366.0,4569,0.017429351806640625
/content/brain_tumor_mat/2.mat,2,0,100360,512,512,0.0,3626.0,8630,0.03292083740234375
/content/brain_tumor_mat/3.mat,3,0,100360,512,512,0.0,3695.0,10511,0.040096282958984375
/content/brain_tumor_mat/4.mat,4,0,100360,512,512,0.0,4196.0,8897,0.033939361572265625
/content/brain_tumor_mat/5.mat,5,0,100360,512,512,0.0,3948.0,11250,0.04291534423828125
/content/brain_tumor_mat/6.mat,6,0,100572,512,512,0.0,3925.0,2179,0.008312225341796875
/content/brain_tumor_mat/7.mat,7,0,100572,512,512,0.0,3914.0,2360,0.009002685546875
/content/brain_tumor_mat/8.mat,8,0,100572,512,512,0.0,3807.0,2245,0.008563995361328125
/content/brain_tumor_mat/9.mat,9,0,101016,512,512,0.0,2866.0,3353,0.012790679931640625
/content/brain_tumor_mat/10.mat,10,0,101016,512,512,0.0,2857.0,3707,0.014141082763671875
/content/brain_tumor_mat/11.mat,11,0,101016,512,512,0.0,3156.0,6121,0.023349761962890625
/content/brain_tumor_mat/12.mat,12,0,101016,512,512,0.0,2895.0,7618,0.02906036376953125
/content/brain_tumor_mat/13.mat,13,0,101016,512,512,0.0,3234.0,8000,0.030517578125
/content/brain_tumor_mat/14.mat,14,0,101016,512,512,0.0,2290.0,6729,0.025669097900390625
/content/brain_tumor_mat/15.mat,15,0,101016,512,512,0.0,1836.0,4046,0.01543426513671875
/content/brain_tumor_mat/16.mat,16,0,101127,512,512,0.0,2648.0,684,0.0026092529296875
/content/brain_tumor_mat/17.mat,17,0,101127,512,512,0.0,2485.0,2547,0.009716033935546875
/content/brain_tumor_mat/18.mat,18,0,101127,512,512,0.0,2414.0,1937,0.007389068603515625
/content/brain_tumor_mat/19.mat,19,0,101127,512,512,0.0,2299.0,1031,0.003932952880859375
/content/brain_tumor_mat/20.mat,20,0,101797,512,512,0.0,4275.0,4709,0.017963409423828125
/content/brain_tumor_mat/21.mat,21,0,101797,512,512,0.0,4673.0,5802,0.02213287353515625
/content/brain_tumor_mat/22.mat,22,0,101797,512,512,0.0,3761.0,6350,0.02422332763671875
/content/brain_tumor_mat/23.mat,23,0,101797,512,512,0.0,3760.0,5277,0.020130157470703125
/content/brain_tumor_mat/24.mat,24,0,102420,512,512,0.0,5114.0,3028,0.0115509033203125
/content/brain_tumor_mat/25.mat,25,0,102420,512,512,0.0,5039.0,3400,0.012969970703125
/content/brain_tumor_mat/26.mat,26,0,102446,512,512,0.0,4301.0,725,0.002765655517578125
/content/brain_tumor_mat/27.mat,27,0,102675,512,512,0.0,2642.0,1401,0.005344390869140625
/content/brain_tumor_mat/28.mat,28,0,102714,512,512,0.0,4055.0,2117,0.008075714111328125
/content/brain_tumor_mat/29.mat,29,0,102714,512,512,0.0,4420.0,3531,0.013469696044921875
/content/brain_tumor_mat/30.mat,30,0,102714,512,512,0.0,4492.0,4352,0.0166015625
/content/brain_tumor_mat/31.mat,31,0,102714,512,512,0.0,4575.0,4454,0.01699066162109375
/content/brain_tumor_mat/32.mat,32,0,102929,512,512,0.0,4208.0,2885,0.011005401611328125
/content/brain_tumor_mat/33.mat,33,0,102929,512,512,0.0,4483.0,2174,0.00829315185546875
/content/brain_tumor_mat/34.mat,34,0,102935,512,512,0.0,2841.0,379,0.001445770263671875
/content/brain_tumor_mat/35.mat,35,0,102985,512,512,0.0,3914.0,459,0.001750946044921875
/content/brain_tumor_mat/36.mat,36,0,103673,512,512,0.0,867.0,2010,0.00766754150390625
/content/brain_tumor_mat/37.mat,37,0,103673,512,512,0.0,861.0,2599,0.009914398193359375
/content/brain_tumor_mat/38.mat,38,0,103673,512,512,0.0,929.0,3211,0.012248992919921875
/content/brain_tumor_mat/39.mat,39,0,103673,512,512,0.0,987.0,3374,0.01287078857421875
/content/brain_tumor_mat/40.mat,40,0,103673,512,512,0.0,1033.0,2916,0.0111236572265625
/content/brain_tumor_mat/41.mat,41,0,103673,512,512,0.0,1093.0,2422,0.00923919677734375
/content/brain_tumor_mat/42.mat,42,0,103925,512,512,0.0,1962.0,3950,0.01506805419921875
/content/brain_tumor_mat/43.mat,43,0,103925,512,512,0.0,2216.0,3746,0.01428985595703125
/content/brain_tumor_mat/44.mat,44,0,103925,512,512,0.0,2006.0,2273,0.008670806884765625
/content/brain_tumor_mat/45.mat,45,0,104167,512,512,0.0,5180.0,5169,0.019718170166015625
/content/brain_tumor_mat/46.mat,46,0,104167,512,512,0.0,4868.0,6162,0.02350616455078125
/content/brain_tumor_mat/47.mat,47,0,104167,512,512,0.0,4380.0,5159,0.019680023193359375
/content/brain_tumor_mat/48.mat,48,0,104167,512,512,0.0,4309.0,3939,0.015026092529296875
/content/brain_tumor_mat/49.mat,49,0,104281,512,512,0.0,4121.0,1852,0.0070648193359375
/content/brain_tumor_mat/50.mat,50,0,104281,512,512,0.0,4062.0,4989,0.019031524658203125
/content/brain_tumor_mat/51.mat,51,0,104281,512,512,0.0,4017.0,5822,0.02220916748046875
/content/brain_tumor_mat/52.mat,52,0,104281,512,512,0.0,3571.0,5565,0.021228790283203125
/content/brain_tumor_mat/53.mat,53,0,104281,512,512,0.0,3330.0,4077,0.015552520751953125
/content/brain_tumor_mat/54.mat,54,0,104281,512,512,0.0,2809.0,2337,0.008914947509765625
/content/brain_tumor_mat/55.mat,55,0,104281,512,512,0.0,2475.0,1294,0.00493621826171875
/content/brain_tumor_mat/56.mat,56,0,105374,512,512,0.0,4067.0,1044,0.0039825439453125
/content/brain_tumor_mat/57.mat,57,0,105374,512,512,0.0,4154.0,1063,0.004055023193359375
/content/brain_tumor_mat/58.mat,58,0,105555,512,512,0.0,3326.0,892,0.0034027099609375
/content/brain_tumor_mat/59.mat,59,2,58392,512,512,0.0,906.0,2916,0.0111236572265625
/content/brain_tumor_mat/60.mat,60,0,105937,512,512,0.0,3009.0,3847,0.014675140380859375
/content/brain_tumor_mat/61.mat,61,0,105937,512,512,0.0,2944.0,4730,0.01804351806640625
/content/brain_tumor_mat/62.mat,62,0,106284,512,512,0.0,2115.0,4454,0.01699066162109375
/content/brain_tumor_mat/63.mat,63,0,106284,512,512,0.0,2069.0,5584,0.02130126953125
/content/brain_tumor_mat/64.mat,64,0,106284,512,512,0.0,1854.0,5841,0.022281646728515625
/content/brain_tumor_mat/65.mat,65,0,106284,512,512,0.0,1669.0,5688,0.021697998046875
/content/brain_tumor_mat/66.mat,66,0,106284,512,512,0.0,1567.0,3852,0.0146942138671875
/content/brain_tumor_mat/67.mat,67,0,106442,512,512,0.0,5596.0,2326,0.00887298583984375
/content/brain_tumor_mat/68.mat,68,0,106442,512,512,0.0,4057.0,3740,0.0142669677734375
/content/brain_tumor_mat/69.mat,69,0,106442,512,512,0.0,4269.0,2644,0.0100860595703125
/content/brain_tumor_mat/70.mat,70,0,106442,512,512,0.0,3867.0,1404,0.0053558349609375
/content/brain_tumor_mat/71.mat,71,0,106534,512,512,0.0,3266.0,801,0.003055572509765625
/content/brain_tumor_mat/72.mat,72,0,106534,512,512,0.0,3182.0,812,0.0030975341796875
/content/brain_tumor_mat/73.mat,73,0,106665,512,512,0.0,3727.0,7521,0.028690338134765625
/content/brain_tumor_mat/74.mat,74,0,106665,512,512,0.0,3517.0,10609,0.040470123291015625
/content/brain_tumor_mat/75.mat,75,0,106665,512,512,0.0,3446.0,11470,0.04375457763671875
/content/brain_tumor_mat/76.mat,76,0,106665,512,512,0.0,3115.0,10447,0.039852142333984375
/content/brain_tumor_mat/77.mat,77,0,106665,512,512,0.0,2844.0,8344,0.031829833984375
/content/brain_tumor_mat/78.mat,78,0,106665,512,512,0.0,2396.0,7024,0.02679443359375
/content/brain_tumor_mat/79.mat,79,0,106665,512,512,0.0,2151.0,2352,0.00897216796875
/content/brain_tumor_mat/80.mat,80,0,106720,512,512,0.0,4263.0,11514,0.04392242431640625
/content/brain_tumor_mat/81.mat,81,0,106720,512,512,0.0,4239.0,11790,0.04497528076171875
/content/brain_tumor_mat/82.mat,82,0,106720,512,512,0.0,4095.0,13463,0.051357269287109375
/content/brain_tumor_mat/83.mat,83,0,106720,512,512,0.0,3931.0,13489,0.051456451416015625
/content/brain_tumor_mat/84.mat,84,0,106720,512,512,0.0,3887.0,11986,0.04572296142578125
/content/brain_tumor_mat/85.mat,85,0,106720,512,512,0.0,3515.0,9021,0.034412384033203125
/content/brain_tumor_mat/86.mat,86,0,106720,512,512,0.0,2828.0,5454,0.02080535888671875
/content/brain_tumor_mat/87.mat,87,0,106914,512,512,0.0,4715.0,4837,0.018451690673828125
/content/brain_tumor_mat/88.mat,88,0,106914,512,512,0.0,4673.0,6457,0.024631500244140625
/content/brain_tumor_mat/89.mat,89,0,106914,512,512,0.0,4928.0,6670,0.02544403076171875
/content/brain_tumor_mat/90.mat,90,0,106914,512,512,0.0,4913.0,4858,0.01853179931640625
/content/brain_tumor_mat/91.mat,91,0,107190,512,512,0.0,1355.0,714,0.00272369384765625
/content/brain_tumor_mat/92.mat,92,0,107190,512,512,0.0,1302.0,550,0.00209808349609375
/content/brain_tumor_mat/93.mat,93,0,107248,512,512,0.0,2331.0,2541,0.009693145751953125
/content/brain_tumor_mat/94.mat,94,0,107248,512,512,0.0,2487.0,3073,0.011722564697265625
/content/brain_tumor_mat/95.mat,95,0,107248,512,512,0.0,2350.0,1182,0.00450897216796875
/content/brain_tumor_mat/96.mat,96,0,107248,512,512,0.0,2451.0,1735,0.006618499755859375
/content/brain_tumor_mat/97.mat,97,0,107248,512,512,0.0,2348.0,2419,0.009227752685546875
/content/brain_tumor_mat/98.mat,98,0,107248,512,512,0.0,2241.0,1955,0.007457733154296875
/content/brain_tumor_mat/99.mat,99,0,107494,512,512,0.0,4626.0,2400,0.0091552734375
/content/brain_tumor_mat/100.mat,100,0,107494,512,512,0.0,5047.0,2443,0.009319305419921875
/content/brain_tumor_mat/101.mat,101,0,107494,512,512,0.0,4814.0,3274,0.01248931884765625
/content/brain_tumor_mat/102.mat,102,0,107494,512,512,0.0,5190.0,4753,0.018131256103515625
/content/brain_tumor_mat/103.mat,103,0,107494,512,512,0.0,5530.0,2925,0.011157989501953125
/content/brain_tumor_mat/104.mat,104,0,108514,512,512,0.0,3707.0,3506,0.01337432861328125
/content/brain_tumor_mat/105.mat,105,0,108514,512,512,0.0,3795.0,5109,0.019489288330078125
/content/brain_tumor_mat/106.mat,106,0,108514,512,512,0.0,3536.0,7204,0.0274810791015625
/content/brain_tumor_mat/107.mat,107,0,108514,512,512,0.0,3031.0,8221,0.031360626220703125
/content/brain_tumor_mat/108.mat,108,0,108514,512,512,0.0,3189.0,8352,0.0318603515625
/content/brain_tumor_mat/109.mat,109,0,108514,512,512,0.0,2627.0,6239,0.023799896240234375
/content/brain_tumor_mat/110.mat,110,0,108514,512,512,0.0,2163.0,3057,0.011661529541015625
/content/brain_tumor_mat/111.mat,111,0,108550,512,512,0.0,3295.0,599,0.002285003662109375
/content/brain_tumor_mat/112.mat,112,0,108550,512,512,0.0,3898.0,3364,0.0128326416015625
/content/brain_tumor_mat/113.mat,113,0,108590,512,512,0.0,2763.0,1561,0.005954742431640625
/content/brain_tumor_mat/114.mat,114,0,108590,512,512,0.0,2570.0,1726,0.00658416748046875
/content/brain_tumor_mat/115.mat,115,0,108945,512,512,0.0,3691.0,3661,0.013965606689453125
/content/brain_tumor_mat/116.mat,116,0,108945,512,512,0.0,3289.0,4514,0.01721954345703125
/content/brain_tumor_mat/117.mat,117,0,108945,512,512,0.0,2942.0,10381,0.039600372314453125
/content/brain_tumor_mat/118.mat,118,0,108945,512,512,0.0,2364.0,3308,0.0126190185546875
/content/brain_tumor_mat/119.mat,119,0,109411,512,512,0.0,2664.0,491,0.001873016357421875
/content/brain_tumor_mat/120.mat,120,0,109968,512,512,0.0,3080.0,5004,0.0190887451171875
/content/brain_tumor_mat/121.mat,121,0,109968,512,512,0.0,3773.0,5424,0.02069091796875
/content/brain_tumor_mat/122.mat,122,0,109968,512,512,0.0,3536.0,5034,0.01920318603515625
/content/brain_tumor_mat/123.mat,123,0,109968,512,512,0.0,3752.0,3223,0.012294769287109375
/content/brain_tumor_mat/124.mat,124,0,110116,512,512,0.0,3154.0,4341,0.016559600830078125
/content/brain_tumor_mat/125.mat,125,0,111077,512,512,0.0,3337.0,2557,0.009754180908203125
/content/brain_tumor_mat/126.mat,126,0,111077,512,512,0.0,3340.0,2251,0.008586883544921875
/content/brain_tumor_mat/127.mat,127,0,111077,512,512,0.0,3432.0,1827,0.006969451904296875
/content/brain_tumor_mat/128.mat,128,0,111366,512,512,0.0,3996.0,6392,0.024383544921875
/content/brain_tumor_mat/129.mat,129,0,111366,512,512,0.0,3979.0,7420,0.0283050537109375
/content/brain_tumor_mat/130.mat,130,0,111366,512,512,0.0,4169.0,7591,0.028957366943359375
/content/brain_tumor_mat/131.mat,131,0,111366,512,512,0.0,4493.0,4760,0.018157958984375
/content/brain_tumor_mat/132.mat,132,0,111532,512,512,0.0,3014.0,4531,0.017284393310546875
/content/brain_tumor_mat/133.mat,133,0,111532,512,512,0.0,2512.0,5672,0.021636962890625
/content/brain_tumor_mat/134.mat,134,0,111532,512,512,0.0,2449.0,5992,0.022857666015625
/content/brain_tumor_mat/135.mat,135,0,112002,512,512,0.0,3645.0,4751,0.018123626708984375
/content/brain_tumor_mat/136.mat,136,0,112002,512,512,0.0,3276.0,5260,0.0200653076171875
/content/brain_tumor_mat/137.mat,137,0,112002,512,512,0.0,3202.0,4570,0.01743316650390625
/content/brain_tumor_mat/138.mat,138,0,112002,512,512,0.0,2530.0,3122,0.01190948486328125
/content/brain_tumor_mat/139.mat,139,0,112062,512,512,0.0,2009.0,2290,0.00873565673828125
/content/brain_tumor_mat/140.mat,140,0,112062,512,512,0.0,1730.0,2801,0.010684967041015625
/content/brain_tumor_mat/141.mat,141,0,112062,512,512,0.0,1611.0,2355,0.008983612060546875
/content/brain_tumor_mat/142.mat,142,0,112252,512,512,0.0,2648.0,1584,0.00604248046875
/content/brain_tumor_mat/143.mat,143,0,112252,512,512,0.0,2594.0,1782,0.00679779052734375
/content/brain_tumor_mat/144.mat,144,0,112552,512,512,0.0,4245.0,3147,0.012004852294921875
/content/brain_tumor_mat/145.mat,145,0,112552,512,512,0.0,4608.0,10996,0.0419464111328125
/content/brain_tumor_mat/146.mat,146,0,112552,512,512,0.0,4561.0,14258,0.05438995361328125
/content/brain_tumor_mat/147.mat,147,0,112552,512,512,0.0,4367.0,14858,0.05667877197265625
/content/brain_tumor_mat/148.mat,148,0,112552,512,512,0.0,3875.0,13781,0.052570343017578125
/content/brain_tumor_mat/149.mat,149,0,112552,512,512,0.0,3588.0,10655,0.040645599365234375
/content/brain_tumor_mat/150.mat,150,0,112552,512,512,0.0,3212.0,7829,0.029865264892578125
/content/brain_tumor_mat/151.mat,151,0,112648,512,512,0.0,3898.0,2801,0.010684967041015625
/content/brain_tumor_mat/152.mat,152,0,112648,512,512,0.0,4210.0,3616,0.0137939453125
/content/brain_tumor_mat/153.mat,153,0,112648,512,512,0.0,5118.0,3025,0.011539459228515625
/content/brain_tumor_mat/154.mat,154,0,113435,512,512,0.0,4793.0,8957,0.034168243408203125
/content/brain_tumor_mat/155.mat,155,0,113435,512,512,0.0,4786.0,12310,0.04695892333984375
/content/brain_tumor_mat/156.mat,156,0,113435,512,512,0.0,3927.0,12665,0.048313140869140625
/content/brain_tumor_mat/157.mat,157,0,113435,512,512,0.0,4287.0,11946,0.04557037353515625
/content/brain_tumor_mat/158.mat,158,0,113435,512,512,0.0,3581.0,9763,0.037242889404296875
/content/brain_tumor_mat/159.mat,159,0,113435,512,512,0.0,2974.0,6370,0.02429962158203125
/content/brain_tumor_mat/160.mat,160,0,113554,512,512,0.0,4958.0,2518,0.00960540771484375
/content/brain_tumor_mat/161.mat,161,0,113554,512,512,0.0,4436.0,3208,0.012237548828125
/content/brain_tumor_mat/162.mat,162,0,113554,512,512,0.0,4544.0,2689,0.010257720947265625
/content/brain_tumor_mat/163.mat,163,0,113805,512,512,0.0,3255.0,593,0.002262115478515625
/content/brain_tumor_mat/164.mat,164,0,114018,512,512,0.0,3654.0,2952,0.011260986328125
/content/brain_tumor_mat/165.mat,165,0,114018,512,512,0.0,3703.0,4109,0.015674591064453125
/content/brain_tumor_mat/166.mat,166,0,114018,512,512,0.0,3628.0,6485,0.024738311767578125
/content/brain_tumor_mat/167.mat,167,0,114018,512,512,0.0,3874.0,5178,0.01975250244140625
/content/brain_tumor_mat/168.mat,168,0,114018,512,512,0.0,3464.0,3438,0.01311492919921875
/content/brain_tumor_mat/169.mat,169,0,114359,512,512,0.0,4062.0,6109,0.023303985595703125
/content/brain_tumor_mat/170.mat,170,0,114359,512,512,0.0,4196.0,9220,0.0351715087890625
/content/brain_tumor_mat/171.mat,171,0,114359,512,512,0.0,4139.0,10758,0.04103851318359375
/content/brain_tumor_mat/172.mat,172,0,114359,512,512,0.0,3765.0,9903,0.037776947021484375
/content/brain_tumor_mat/173.mat,173,0,114359,512,512,0.0,3470.0,7649,0.029178619384765625
/content/brain_tumor_mat/174.mat,174,0,114359,512,512,0.0,3155.0,5037,0.019214630126953125
/content/brain_tumor_mat/175.mat,175,0,97607,512,512,0.0,2722.0,1666,0.00635528564453125
/content/brain_tumor_mat/176.mat,176,0,97607,512,512,0.0,2649.0,4052,0.0154571533203125
/content/brain_tumor_mat/177.mat,177,0,97607,512,512,0.0,2484.0,4983,0.019008636474609375
/content/brain_tumor_mat/178.mat,178,0,97607,512,512,0.0,2166.0,4271,0.016292572021484375
/content/brain_tumor_mat/179.mat,179,0,97607,512,512,0.0,2005.0,2376,0.009063720703125
/content/brain_tumor_mat/180.mat,180,0,97737,512,512,0.0,2554.0,3787,0.014446258544921875
/content/brain_tumor_mat/181.mat,181,0,97737,512,512,0.0,2369.0,4740,0.0180816650390625
/content/brain_tumor_mat/182.mat,182,0,97737,512,512,0.0,2134.0,4694,0.01790618896484375
/content/brain_tumor_mat/183.mat,183,0,97737,512,512,0.0,1844.0,2997,0.011432647705078125
/content/brain_tumor_mat/184.mat,184,0,97875,512,512,0.0,3597.0,1663,0.006343841552734375
/content/brain_tumor_mat/185.mat,185,0,97875,512,512,0.0,3933.0,2040,0.007781982421875
/content/brain_tumor_mat/186.mat,186,0,97875,512,512,0.0,3669.0,498,0.00189971923828125
/content/brain_tumor_mat/187.mat,187,0,97943,512,512,0.0,3110.0,2158,0.00823211669921875
/content/brain_tumor_mat/188.mat,188,0,97943,512,512,0.0,3443.0,4047,0.015438079833984375
/content/brain_tumor_mat/189.mat,189,0,97943,512,512,0.0,3516.0,4877,0.018604278564453125
/content/brain_tumor_mat/190.mat,190,0,97943,512,512,0.0,3638.0,5355,0.020427703857421875
/content/brain_tumor_mat/191.mat,191,0,97943,512,512,0.0,4123.0,4746,0.01810455322265625
/content/brain_tumor_mat/192.mat,192,0,98241,512,512,0.0,3266.0,4319,0.016475677490234375
/content/brain_tumor_mat/193.mat,193,0,98241,512,512,0.0,3709.0,7911,0.030178070068359375
/content/brain_tumor_mat/194.mat,194,0,98241,512,512,0.0,2593.0,11761,0.044864654541015625
/content/brain_tumor_mat/195.mat,195,0,98241,512,512,0.0,2382.0,13811,0.052684783935546875
/content/brain_tumor_mat/196.mat,196,0,98241,512,512,0.0,2039.0,13093,0.049945831298828125
/content/brain_tumor_mat/197.mat,197,0,98241,512,512,0.0,1768.0,9911,0.037807464599609375
/content/brain_tumor_mat/198.mat,198,0,99017,512,512,0.0,2358.0,2398,0.00914764404296875
/content/brain_tumor_mat/199.mat,199,0,99017,512,512,0.0,3007.0,2149,0.008197784423828125
/content/brain_tumor_mat/200.mat,200,0,99089,512,512,0.0,2150.0,1680,0.00640869140625
/content/brain_tumor_mat/201.mat,201,0,99089,512,512,0.0,1724.0,2832,0.01080322265625
/content/brain_tumor_mat/202.mat,202,0,99089,512,512,0.0,1588.0,2672,0.01019287109375
/content/brain_tumor_mat/203.mat,203,0,99288,512,512,0.0,3212.0,401,0.001529693603515625
/content/brain_tumor_mat/204.mat,204,0,99308,512,512,0.0,3743.0,6339,0.024181365966796875
/content/brain_tumor_mat/205.mat,205,0,99308,512,512,0.0,3694.0,8925,0.034046173095703125
/content/brain_tumor_mat/206.mat,206,0,99308,512,512,0.0,3588.0,8778,0.03348541259765625
/content/brain_tumor_mat/207.mat,207,0,99308,512,512,0.0,2957.0,8198,0.03127288818359375
/content/brain_tumor_mat/208.mat,208,0,99308,512,512,0.0,2646.0,6127,0.023372650146484375
/content/brain_tumor_mat/209.mat,209,1,100820,512,512,0.0,4284.0,16240,0.06195068359375
/content/brain_tumor_mat/210.mat,210,1,100820,512,512,0.0,4482.0,16556,0.0631561279296875
/content/brain_tumor_mat/211.mat,211,0,100360,512,512,0.0,2454.0,4638,0.01769256591796875
/content/brain_tumor_mat/212.mat,212,0,100360,512,512,0.0,2346.0,7623,0.029079437255859375
/content/brain_tumor_mat/213.mat,213,0,100360,512,512,0.0,2407.0,8655,0.033016204833984375
/content/brain_tumor_mat/214.mat,214,0,100360,512,512,0.0,2517.0,9402,0.03586578369140625
/content/brain_tumor_mat/215.mat,215,0,100360,512,512,0.0,2562.0,8268,0.0315399169921875
/content/brain_tumor_mat/216.mat,216,0,100360,512,512,0.0,2780.0,4476,0.0170745849609375
/content/brain_tumor_mat/217.mat,217,0,100360,512,512,0.0,3000.0,3115,0.011882781982421875
/content/brain_tumor_mat/218.mat,218,0,100572,512,512,0.0,2766.0,1856,0.007080078125
/content/brain_tumor_mat/219.mat,219,0,100572,512,512,0.0,3018.0,1772,0.0067596435546875
/content/brain_tumor_mat/220.mat,220,0,100572,512,512,0.0,2677.0,2502,0.00954437255859375
/content/brain_tumor_mat/221.mat,221,0,101016,512,512,0.0,1933.0,4293,0.016376495361328125
/content/brain_tumor_mat/222.mat,222,0,101016,512,512,0.0,2284.0,6457,0.024631500244140625
/content/brain_tumor_mat/223.mat,223,0,101016,512,512,0.0,2386.0,7402,0.02823638916015625
/content/brain_tumor_mat/224.mat,224,0,101016,512,512,0.0,2373.0,7748,0.0295562744140625
/content/brain_tumor_mat/225.mat,225,0,101016,512,512,0.0,2157.0,6593,0.025150299072265625
/content/brain_tumor_mat/226.mat,226,0,101016,512,512,0.0,2319.0,4289,0.016361236572265625
/content/brain_tumor_mat/227.mat,227,0,101127,512,512,0.0,1685.0,1047,0.003993988037109375
/content/brain_tumor_mat/228.mat,228,0,101127,512,512,0.0,1861.0,2148,0.0081939697265625
/content/brain_tumor_mat/229.mat,229,0,101127,512,512,0.0,1543.0,2625,0.010013580322265625
/content/brain_tumor_mat/230.mat,230,0,101127,512,512,0.0,1642.0,1500,0.0057220458984375
/content/brain_tumor_mat/231.mat,231,0,101797,512,512,0.0,2803.0,3982,0.01519012451171875
/content/brain_tumor_mat/232.mat,232,0,101797,512,512,0.0,2879.0,5182,0.01976776123046875
/content/brain_tumor_mat/233.mat,233,0,101797,512,512,0.0,3316.0,6224,0.02374267578125
/content/brain_tumor_mat/234.mat,234,0,101797,512,512,0.0,3081.0,6202,0.02365875244140625
/content/brain_tumor_mat/235.mat,235,0,101797,512,512,0.0,3076.0,5140,0.0196075439453125
/content/brain_tumor_mat/236.mat,236,0,102420,512,512,0.0,3790.0,3031,0.011562347412109375
/content/brain_tumor_mat/237.mat,237,0,102420,512,512,0.0,3506.0,2077,0.007923126220703125
/content/brain_tumor_mat/238.mat,238,0,102420,512,512,0.0,3675.0,1794,0.00684356689453125
/content/brain_tumor_mat/239.mat,239,0,102446,512,512,0.0,3230.0,866,0.00330352783203125
/content/brain_tumor_mat/240.mat,240,0,102675,512,512,0.0,2659.0,1019,0.003887176513671875
/content/brain_tumor_mat/241.mat,241,0,102675,512,512,0.0,2448.0,1160,0.004425048828125
/content/brain_tumor_mat/242.mat,242,0,102714,512,512,0.0,2945.0,4239,0.016170501708984375
/content/brain_tumor_mat/243.mat,243,0,102714,512,512,0.0,2936.0,4021,0.015338897705078125
/content/brain_tumor_mat/244.mat,244,0,102714,512,512,0.0,3022.0,2717,0.010364532470703125
/content/brain_tumor_mat/245.mat,245,0,102714,512,512,0.0,2806.0,1597,0.006092071533203125
/content/brain_tumor_mat/246.mat,246,0,102929,512,512,0.0,2586.0,1292,0.0049285888671875
/content/brain_tumor_mat/247.mat,247,0,102929,512,512,0.0,2528.0,1545,0.005893707275390625
/content/brain_tumor_mat/248.mat,248,0,102929,512,512,0.0,2785.0,2350,0.00896453857421875
/content/brain_tumor_mat/249.mat,249,0,102929,512,512,0.0,2946.0,2742,0.01045989990234375
/content/brain_tumor_mat/250.mat,250,0,102929,512,512,0.0,3183.0,2215,0.008449554443359375
/content/brain_tumor_mat/251.mat,251,0,102929,512,512,0.0,4107.0,1048,0.003997802734375
/content/brain_tumor_mat/252.mat,252,0,102935,512,512,0.0,2513.0,596,0.0022735595703125
/content/brain_tumor_mat/253.mat,253,0,102985,512,512,0.0,3035.0,552,0.002105712890625
/content/brain_tumor_mat/254.mat,254,0,103673,512,512,0.0,788.0,1444,0.0055084228515625
/content/brain_tumor_mat/255.mat,255,0,103673,512,512,0.0,743.0,2679,0.010219573974609375
/content/brain_tumor_mat/256.mat,256,0,103673,512,512,0.0,798.0,3545,0.013523101806640625
/content/brain_tumor_mat/257.mat,257,0,103673,512,512,0.0,855.0,3583,0.013668060302734375
/content/brain_tumor_mat/258.mat,258,0,103673,512,512,0.0,801.0,3126,0.01192474365234375
/content/brain_tumor_mat/259.mat,259,0,103673,512,512,0.0,760.0,2528,0.0096435546875
/content/brain_tumor_mat/260.mat,260,0,103673,512,512,0.0,800.0,1355,0.005168914794921875
/content/brain_tumor_mat/261.mat,261,0,103925,512,512,0.0,1476.0,2092,0.0079803466796875
/content/brain_tumor_mat/262.mat,262,0,103925,512,512,0.0,1583.0,3468,0.0132293701171875
/content/brain_tumor_mat/263.mat,263,0,103925,512,512,0.0,1456.0,2253,0.008594512939453125
/content/brain_tumor_mat/264.mat,264,0,103925,512,512,0.0,1656.0,4103,0.015651702880859375
/content/brain_tumor_mat/265.mat,265,0,103925,512,512,0.0,1527.0,4213,0.016071319580078125
/content/brain_tumor_mat/266.mat,266,0,103925,512,512,0.0,1531.0,2520,0.009613037109375
/content/brain_tumor_mat/267.mat,267,0,103925,512,512,0.0,1569.0,4025,0.015354156494140625
/content/brain_tumor_mat/268.mat,268,0,103925,512,512,0.0,1711.0,2668,0.0101776123046875
/content/brain_tumor_mat/269.mat,269,0,104167,512,512,0.0,3151.0,2086,0.00795745849609375
/content/brain_tumor_mat/270.mat,270,0,104167,512,512,0.0,3498.0,4137,0.015781402587890625
/content/brain_tumor_mat/271.mat,271,0,104167,512,512,0.0,3787.0,5191,0.019802093505859375
/content/brain_tumor_mat/272.mat,272,0,104167,512,512,0.0,3552.0,5414,0.02065277099609375
/content/brain_tumor_mat/273.mat,273,0,104167,512,512,0.0,3536.0,4026,0.01535797119140625
/content/brain_tumor_mat/274.mat,274,0,104167,512,512,0.0,4570.0,2738,0.01044464111328125
/content/brain_tumor_mat/275.mat,275,0,104281,512,512,0.0,3210.0,2977,0.011356353759765625
/content/brain_tumor_mat/276.mat,276,0,104281,512,512,0.0,2943.0,5594,0.02133941650390625
/content/brain_tumor_mat/277.mat,277,0,104281,512,512,0.0,3247.0,6242,0.02381134033203125
/content/brain_tumor_mat/278.mat,278,0,104281,512,512,0.0,2900.0,5881,0.022434234619140625
/content/brain_tumor_mat/279.mat,279,0,104281,512,512,0.0,3048.0,4291,0.016368865966796875
/content/brain_tumor_mat/280.mat,280,0,104281,512,512,0.0,3185.0,3037,0.011585235595703125
/content/brain_tumor_mat/281.mat,281,0,105374,512,512,0.0,3624.0,1489,0.005680084228515625
/content/brain_tumor_mat/282.mat,282,0,105374,512,512,0.0,3757.0,1372,0.0052337646484375
/content/brain_tumor_mat/283.mat,283,0,105555,512,512,0.0,3413.0,671,0.002559661865234375
/content/brain_tumor_mat/284.mat,284,0,105555,512,512,0.0,3882.0,980,0.0037384033203125
/content/brain_tumor_mat/285.mat,285,0,105555,512,512,0.0,3623.0,611,0.002330780029296875
/content/brain_tumor_mat/286.mat,286,0,105937,512,512,0.0,2848.0,2367,0.009029388427734375
/content/brain_tumor_mat/287.mat,287,0,105937,512,512,0.0,2893.0,3485,0.013294219970703125
/content/brain_tumor_mat/288.mat,288,0,105937,512,512,0.0,3667.0,3791,0.014461517333984375
/content/brain_tumor_mat/289.mat,289,0,105937,512,512,0.0,3099.0,2801,0.010684967041015625
/content/brain_tumor_mat/290.mat,290,0,106284,512,512,0.0,1610.0,5325,0.020313262939453125
/content/brain_tumor_mat/291.mat,291,0,106284,512,512,0.0,1578.0,6740,0.0257110595703125
/content/brain_tumor_mat/292.mat,292,0,106284,512,512,0.0,1598.0,6655,0.025386810302734375
/content/brain_tumor_mat/293.mat,293,0,106284,512,512,0.0,1695.0,5061,0.019306182861328125
/content/brain_tumor_mat/294.mat,294,0,106442,512,512,0.0,3732.0,2816,0.0107421875
/content/brain_tumor_mat/295.mat,295,0,106442,512,512,0.0,4004.0,3754,0.01432037353515625
/content/brain_tumor_mat/296.mat,296,0,106442,512,512,0.0,3953.0,3633,0.013858795166015625
/content/brain_tumor_mat/297.mat,297,0,106534,512,512,0.0,3286.0,1030,0.00392913818359375
/content/brain_tumor_mat/298.mat,298,0,106534,512,512,0.0,3270.0,1049,0.004001617431640625
/content/brain_tumor_mat/299.mat,299,0,106665,512,512,0.0,2015.0,5904,0.02252197265625
/content/brain_tumor_mat/300.mat,300,0,106665,512,512,0.0,2101.0,11711,0.044673919677734375
/content/brain_tumor_mat/301.mat,301,0,106665,512,512,0.0,2172.0,11647,0.044429779052734375
/content/brain_tumor_mat/302.mat,302,0,106665,512,512,0.0,2316.0,10878,0.04149627685546875
/content/brain_tumor_mat/303.mat,303,0,106665,512,512,0.0,2950.0,8754,0.03339385986328125
/content/brain_tumor_mat/304.mat,304,0,106720,512,512,0.0,3083.0,9124,0.0348052978515625
/content/brain_tumor_mat/305.mat,305,0,106720,512,512,0.0,2924.0,11680,0.0445556640625
/content/brain_tumor_mat/306.mat,306,0,106720,512,512,0.0,3022.0,12407,0.047328948974609375
/content/brain_tumor_mat/307.mat,307,0,106720,512,512,0.0,3327.0,11776,0.044921875
/content/brain_tumor_mat/308.mat,308,0,106720,512,512,0.0,3263.0,9511,0.036281585693359375
/content/brain_tumor_mat/309.mat,309,0,106720,512,512,0.0,3183.0,5448,0.020782470703125
/content/brain_tumor_mat/310.mat,310,0,106720,512,512,0.0,3218.0,3441,0.013126373291015625
/content/brain_tumor_mat/311.mat,311,0,106914,512,512,0.0,4306.0,6108,0.0233001708984375
/content/brain_tumor_mat/312.mat,312,0,106914,512,512,0.0,4501.0,6383,0.024349212646484375
/content/brain_tumor_mat/313.mat,313,0,106914,512,512,0.0,4696.0,5662,0.02159881591796875
/content/brain_tumor_mat/314.mat,314,0,106914,512,512,0.0,4673.0,4650,0.01773834228515625
/content/brain_tumor_mat/315.mat,315,0,107190,512,512,0.0,1645.0,469,0.001789093017578125
/content/brain_tumor_mat/316.mat,316,0,107248,512,512,0.0,1813.0,3654,0.01393890380859375
/content/brain_tumor_mat/317.mat,317,0,107248,512,512,0.0,2041.0,3835,0.014629364013671875
/content/brain_tumor_mat/318.mat,318,0,107248,512,512,0.0,1896.0,2545,0.009708404541015625
/content/brain_tumor_mat/319.mat,319,0,107248,512,512,0.0,1901.0,2371,0.009044647216796875
/content/brain_tumor_mat/320.mat,320,0,107494,512,512,0.0,3095.0,1376,0.0052490234375
/content/brain_tumor_mat/321.mat,321,0,107494,512,512,0.0,2978.0,1920,0.00732421875
/content/brain_tumor_mat/322.mat,322,0,107494,512,512,0.0,3482.0,3412,0.0130157470703125
/content/brain_tumor_mat/323.mat,323,0,107494,512,512,0.0,3088.0,2274,0.00867462158203125
/content/brain_tumor_mat/324.mat,324,0,107494,512,512,0.0,3141.0,2100,0.0080108642578125
/content/brain_tumor_mat/325.mat,325,0,107494,512,512,0.0,2913.0,2040,0.007781982421875
/content/brain_tumor_mat/326.mat,326,0,108514,512,512,0.0,2769.0,6332,0.0241546630859375
/content/brain_tumor_mat/327.mat,327,0,108514,512,512,0.0,2800.0,7233,0.027591705322265625
/content/brain_tumor_mat/328.mat,328,0,108514,512,512,0.0,2779.0,7293,0.027820587158203125
/content/brain_tumor_mat/329.mat,329,0,108514,512,512,0.0,2758.0,7194,0.02744293212890625
/content/brain_tumor_mat/330.mat,330,0,108514,512,512,0.0,2839.0,7074,0.02698516845703125
/content/brain_tumor_mat/331.mat,331,0,108514,512,512,0.0,3027.0,5104,0.01947021484375
/content/brain_tumor_mat/332.mat,332,0,108550,512,512,0.0,2640.0,2871,0.010951995849609375
/content/brain_tumor_mat/333.mat,333,0,108550,512,512,0.0,2801.0,1137,0.004337310791015625
/content/brain_tumor_mat/334.mat,334,0,108590,512,512,0.0,2532.0,1351,0.005153656005859375
/content/brain_tumor_mat/335.mat,335,0,108590,512,512,0.0,2482.0,1705,0.006504058837890625
/content/brain_tumor_mat/336.mat,336,0,108945,512,512,0.0,2231.0,4429,0.016895294189453125
/content/brain_tumor_mat/337.mat,337,0,108945,512,512,0.0,2131.0,4691,0.017894744873046875
/content/brain_tumor_mat/338.mat,338,0,108945,512,512,0.0,2532.0,4112,0.01568603515625
/content/brain_tumor_mat/339.mat,339,0,108945,512,512,0.0,2321.0,2542,0.00969696044921875
/content/brain_tumor_mat/340.mat,340,0,109411,512,512,0.0,2684.0,277,0.001056671142578125
/content/brain_tumor_mat/341.mat,341,0,109968,512,512,0.0,2996.0,4109,0.015674591064453125
/content/brain_tumor_mat/342.mat,342,0,109968,512,512,0.0,2720.0,5041,0.019229888916015625
/content/brain_tumor_mat/343.mat,343,0,109968,512,512,0.0,2685.0,5674,0.02164459228515625
/content/brain_tumor_mat/344.mat,344,0,109968,512,512,0.0,2905.0,5020,0.0191497802734375
/content/brain_tumor_mat/345.mat,345,0,110116,512,512,0.0,2125.0,5053,0.019275665283203125
/content/brain_tumor_mat/346.mat,346,0,110116,512,512,0.0,2227.0,5083,0.019390106201171875
/content/brain_tumor_mat/347.mat,347,0,110116,512,512,0.0,2550.0,4928,0.018798828125
/content/brain_tumor_mat/348.mat,348,0,110116,512,512,0.0,2469.0,2506,0.00955963134765625
/content/brain_tumor_mat/349.mat,349,0,111077,512,512,0.0,2560.0,1290,0.00492095947265625
/content/brain_tumor_mat/350.mat,350,0,111077,512,512,0.0,2847.0,2000,0.00762939453125
/content/brain_tumor_mat/351.mat,351,0,111077,512,512,0.0,2646.0,2172,0.0082855224609375
/content/brain_tumor_mat/352.mat,352,0,111077,512,512,0.0,2723.0,1867,0.007122039794921875
/content/brain_tumor_mat/353.mat,353,0,111366,512,512,0.0,2378.0,1359,0.005184173583984375
/content/brain_tumor_mat/354.mat,354,0,111366,512,512,0.0,2376.0,3992,0.015228271484375
/content/brain_tumor_mat/355.mat,355,0,111366,512,512,0.0,2576.0,5199,0.019832611083984375
/content/brain_tumor_mat/356.mat,356,0,111366,512,512,0.0,2756.0,4321,0.016483306884765625
/content/brain_tumor_mat/357.mat,357,0,111532,512,512,0.0,2194.0,1710,0.00652313232421875
/content/brain_tumor_mat/358.mat,358,0,111532,512,512,0.0,2223.0,2970,0.01132965087890625
/content/brain_tumor_mat/359.mat,359,0,111532,512,512,0.0,2387.0,4055,0.015468597412109375
/content/brain_tumor_mat/360.mat,360,0,111532,512,512,0.0,2443.0,4414,0.01683807373046875
/content/brain_tumor_mat/361.mat,361,0,111532,512,512,0.0,2673.0,3781,0.014423370361328125
/content/brain_tumor_mat/362.mat,362,0,112002,512,512,0.0,3242.0,3066,0.01169586181640625
/content/brain_tumor_mat/363.mat,363,0,112002,512,512,0.0,3027.0,3912,0.014923095703125
/content/brain_tumor_mat/364.mat,364,0,112002,512,512,0.0,2950.0,4631,0.017665863037109375
/content/brain_tumor_mat/365.mat,365,0,112002,512,512,0.0,2656.0,4128,0.0157470703125
/content/brain_tumor_mat/366.mat,366,0,112062,512,512,0.0,1942.0,1645,0.006275177001953125
/content/brain_tumor_mat/367.mat,367,0,112062,512,512,0.0,2037.0,2144,0.0081787109375
/content/brain_tumor_mat/368.mat,368,0,112062,512,512,0.0,2230.0,2407,0.009181976318359375
/content/brain_tumor_mat/369.mat,369,0,112062,512,512,0.0,2359.0,1744,0.00665283203125
/content/brain_tumor_mat/370.mat,370,0,112252,512,512,0.0,2454.0,1183,0.004512786865234375
/content/brain_tumor_mat/371.mat,371,0,112252,512,512,0.0,2907.0,1764,0.0067291259765625
/content/brain_tumor_mat/372.mat,372,0,112552,512,512,0.0,2580.0,5091,0.019420623779296875
/content/brain_tumor_mat/373.mat,373,0,112552,512,512,0.0,2464.0,8602,0.03281402587890625
/content/brain_tumor_mat/374.mat,374,0,112552,512,512,0.0,2628.0,9935,0.037899017333984375
/content/brain_tumor_mat/375.mat,375,0,112552,512,512,0.0,2674.0,11139,0.042491912841796875
/content/brain_tumor_mat/376.mat,376,0,112552,512,512,0.0,2955.0,12310,0.04695892333984375
/content/brain_tumor_mat/377.mat,377,0,112552,512,512,0.0,3320.0,11773,0.044910430908203125
/content/brain_tumor_mat/378.mat,378,0,112552,512,512,0.0,3039.0,9009,0.034366607666015625
/content/brain_tumor_mat/379.mat,379,0,112648,512,512,0.0,3568.0,3444,0.0131378173828125
/content/brain_tumor_mat/380.mat,380,0,112648,512,512,0.0,3044.0,3645,0.013904571533203125
/content/brain_tumor_mat/381.mat,381,0,112648,512,512,0.0,3349.0,2442,0.00931549072265625
/content/brain_tumor_mat/382.mat,382,0,113435,512,512,0.0,2513.0,3701,0.014118194580078125
/content/brain_tumor_mat/383.mat,383,0,113435,512,512,0.0,2623.0,6395,0.024394989013671875
/content/brain_tumor_mat/384.mat,384,0,113435,512,512,0.0,2836.0,7910,0.03017425537109375
/content/brain_tumor_mat/385.mat,385,0,113435,512,512,0.0,2842.0,9363,0.035717010498046875
/content/brain_tumor_mat/386.mat,386,0,113435,512,512,0.0,3103.0,9578,0.03653717041015625
/content/brain_tumor_mat/387.mat,387,0,113435,512,512,0.0,3080.0,9221,0.035175323486328125
/content/brain_tumor_mat/388.mat,388,0,113435,512,512,0.0,3144.0,8428,0.0321502685546875
/content/brain_tumor_mat/389.mat,389,0,113435,512,512,0.0,3200.0,7103,0.027095794677734375
/content/brain_tumor_mat/390.mat,390,0,113554,512,512,0.0,3437.0,1274,0.00485992431640625
/content/brain_tumor_mat/391.mat,391,0,113554,512,512,0.0,3264.0,2694,0.01027679443359375
/content/brain_tumor_mat/392.mat,392,0,113554,512,512,0.0,3610.0,1405,0.005359649658203125
/content/brain_tumor_mat/393.mat,393,0,113805,512,512,0.0,2821.0,365,0.001392364501953125
/content/brain_tumor_mat/394.mat,394,0,113805,512,512,0.0,2475.0,376,0.001434326171875
/content/brain_tumor_mat/395.mat,395,0,114018,512,512,0.0,1560.0,3717,0.014179229736328125
/content/brain_tumor_mat/396.mat,396,0,114018,512,512,0.0,1583.0,6238,0.02379608154296875
/content/brain_tumor_mat/397.mat,397,0,114018,512,512,0.0,1549.0,6481,0.024723052978515625
/content/brain_tumor_mat/398.mat,398,0,114018,512,512,0.0,1853.0,5431,0.020717620849609375
/content/brain_tumor_mat/399.mat,399,0,114359,512,512,0.0,2155.0,7097,0.027072906494140625
/content/brain_tumor_mat/400.mat,400,0,114359,512,512,0.0,2088.0,8536,0.032562255859375
/content/brain_tumor_mat/401.mat,401,0,114359,512,512,0.0,1867.0,9125,0.034809112548828125
/content/brain_tumor_mat/402.mat,402,0,114359,512,512,0.0,1911.0,9354,0.03568267822265625
/content/brain_tumor_mat/403.mat,403,0,114359,512,512,0.0,2088.0,8569,0.032688140869140625
/content/brain_tumor_mat/404.mat,404,0,114359,512,512,0.0,2254.0,5102,0.01946258544921875
/content/brain_tumor_mat/405.mat,405,0,97607,512,512,0.0,2753.0,4903,0.018703460693359375
/content/brain_tumor_mat/406.mat,406,0,97607,512,512,0.0,2986.0,4698,0.01792144775390625
/content/brain_tumor_mat/407.mat,407,0,97607,512,512,0.0,3004.0,3500,0.0133514404296875
/content/brain_tumor_mat/408.mat,408,0,97737,512,512,0.0,2640.0,3564,0.0135955810546875
/content/brain_tumor_mat/409.mat,409,0,97737,512,512,0.0,2922.0,4745,0.018100738525390625
/content/brain_tumor_mat/410.mat,410,0,97737,512,512,0.0,2827.0,4987,0.019023895263671875
/content/brain_tumor_mat/411.mat,411,0,97737,512,512,0.0,3234.0,4328,0.016510009765625
/content/brain_tumor_mat/412.mat,412,0,97737,512,512,0.0,2984.0,3265,0.012454986572265625
/content/brain_tumor_mat/413.mat,413,0,97737,512,512,0.0,3031.0,1687,0.006435394287109375
/content/brain_tumor_mat/414.mat,414,0,97875,512,512,0.0,2518.0,1396,0.0053253173828125
/content/brain_tumor_mat/415.mat,415,0,97875,512,512,0.0,2642.0,1505,0.005741119384765625
/content/brain_tumor_mat/416.mat,416,0,97875,512,512,0.0,2662.0,1357,0.005176544189453125
/content/brain_tumor_mat/417.mat,417,0,97875,512,512,0.0,2746.0,1116,0.0042572021484375
/content/brain_tumor_mat/418.mat,418,0,97943,512,512,0.0,3021.0,4384,0.0167236328125
/content/brain_tumor_mat/419.mat,419,0,97943,512,512,0.0,3217.0,5807,0.022151947021484375
/content/brain_tumor_mat/420.mat,420,0,97943,512,512,0.0,3118.0,6419,0.024486541748046875
/content/brain_tumor_mat/421.mat,421,0,97943,512,512,0.0,2895.0,4445,0.016956329345703125
/content/brain_tumor_mat/422.mat,422,0,97943,512,512,0.0,2943.0,1277,0.004871368408203125
/content/brain_tumor_mat/423.mat,423,0,98241,512,512,0.0,2547.0,6540,0.0249481201171875
/content/brain_tumor_mat/424.mat,424,0,98241,512,512,0.0,2603.0,9067,0.034587860107421875
/content/brain_tumor_mat/425.mat,425,0,98241,512,512,0.0,2508.0,10628,0.0405426025390625
/content/brain_tumor_mat/426.mat,426,0,98241,512,512,0.0,2535.0,10369,0.039554595947265625
/content/brain_tumor_mat/427.mat,427,0,98241,512,512,0.0,2551.0,9118,0.03478240966796875
/content/brain_tumor_mat/428.mat,428,0,98241,512,512,0.0,2881.0,6440,0.024566650390625
/content/brain_tumor_mat/429.mat,429,0,98241,512,512,0.0,2688.0,4410,0.01682281494140625
/content/brain_tumor_mat/430.mat,430,0,99017,512,512,0.0,2228.0,2192,0.00836181640625
/content/brain_tumor_mat/431.mat,431,0,99017,512,512,0.0,2362.0,2022,0.00771331787109375
/content/brain_tumor_mat/432.mat,432,0,99089,512,512,0.0,2239.0,1798,0.00685882568359375
/content/brain_tumor_mat/433.mat,433,0,99089,512,512,0.0,2371.0,2547,0.009716033935546875
/content/brain_tumor_mat/434.mat,434,0,99089,512,512,0.0,2390.0,2627,0.010021209716796875
/content/brain_tumor_mat/435.mat,435,0,99089,512,512,0.0,2251.0,2465,0.009403228759765625
/content/brain_tumor_mat/436.mat,436,0,99089,512,512,0.0,2263.0,1482,0.00565338134765625
/content/brain_tumor_mat/437.mat,437,0,99288,512,512,0.0,3351.0,629,0.002399444580078125
/content/brain_tumor_mat/438.mat,438,0,99308,512,512,0.0,3049.0,7191,0.027431488037109375
/content/brain_tumor_mat/439.mat,439,0,99308,512,512,0.0,3141.0,8450,0.03223419189453125
/content/brain_tumor_mat/440.mat,440,0,99308,512,512,0.0,3338.0,9002,0.03433990478515625
/content/brain_tumor_mat/441.mat,441,0,99308,512,512,0.0,3772.0,6982,0.02663421630859375
/content/brain_tumor_mat/442.mat,442,0,100360,512,512,0.0,2370.0,5744,0.02191162109375
/content/brain_tumor_mat/443.mat,443,0,100360,512,512,0.0,2272.0,9450,0.03604888916015625
/content/brain_tumor_mat/444.mat,444,0,100360,512,512,0.0,2276.0,8790,0.03353118896484375
/content/brain_tumor_mat/445.mat,445,0,100360,512,512,0.0,2481.0,8790,0.03353118896484375
/content/brain_tumor_mat/446.mat,446,0,100360,512,512,0.0,2368.0,5494,0.02095794677734375
/content/brain_tumor_mat/447.mat,447,0,100360,512,512,0.0,2347.0,4986,0.01902008056640625
/content/brain_tumor_mat/448.mat,448,0,100572,512,512,0.0,2496.0,1845,0.007038116455078125
/content/brain_tumor_mat/449.mat,449,0,100572,512,512,0.0,2509.0,1693,0.006458282470703125
/content/brain_tumor_mat/450.mat,450,0,100639,512,512,0.0,892.0,1600,0.006103515625
/content/brain_tumor_mat/451.mat,451,0,100639,512,512,0.0,869.0,1956,0.0074615478515625
/content/brain_tumor_mat/452.mat,452,0,100920,512,512,0.0,861.0,2700,0.0102996826171875
/content/brain_tumor_mat/453.mat,453,0,100920,512,512,0.0,950.0,3674,0.01401519775390625
/content/brain_tumor_mat/454.mat,454,0,100920,512,512,0.0,993.0,3391,0.012935638427734375
/content/brain_tumor_mat/455.mat,455,0,101016,512,512,0.0,2192.0,7427,0.028331756591796875
/content/brain_tumor_mat/456.mat,456,0,101016,512,512,0.0,2276.0,8357,0.031879425048828125
/content/brain_tumor_mat/457.mat,457,0,101016,512,512,0.0,2247.0,8936,0.034088134765625
/content/brain_tumor_mat/458.mat,458,0,101016,512,512,0.0,1950.0,5376,0.0205078125
/content/brain_tumor_mat/459.mat,459,0,101082,512,512,0.0,1012.0,1931,0.007366180419921875
/content/brain_tumor_mat/460.mat,460,0,101082,512,512,0.0,997.0,2429,0.009265899658203125
/content/brain_tumor_mat/461.mat,461,0,101127,512,512,0.0,1658.0,1365,0.005207061767578125
/content/brain_tumor_mat/462.mat,462,0,101127,512,512,0.0,1664.0,1751,0.006679534912109375
/content/brain_tumor_mat/463.mat,463,0,101127,512,512,0.0,1684.0,1380,0.0052642822265625
/content/brain_tumor_mat/464.mat,464,0,101127,512,512,0.0,1741.0,952,0.003631591796875
/content/brain_tumor_mat/465.mat,465,0,101797,512,512,0.0,2416.0,4111,0.015682220458984375
/content/brain_tumor_mat/466.mat,466,0,101797,512,512,0.0,2338.0,5537,0.021121978759765625
/content/brain_tumor_mat/467.mat,467,0,101797,512,512,0.0,2578.0,5963,0.022747039794921875
/content/brain_tumor_mat/468.mat,468,0,101797,512,512,0.0,2605.0,4757,0.018146514892578125
/content/brain_tumor_mat/469.mat,469,0,101797,512,512,0.0,2521.0,3344,0.01275634765625
/content/brain_tumor_mat/470.mat,470,0,101797,512,512,0.0,2469.0,2008,0.007659912109375
/content/brain_tumor_mat/471.mat,471,0,101801,512,512,0.0,820.0,1425,0.005435943603515625
/content/brain_tumor_mat/472.mat,472,0,101801,512,512,0.0,920.0,2185,0.008335113525390625
/content/brain_tumor_mat/473.mat,473,0,101801,512,512,0.0,942.0,1884,0.0071868896484375
/content/brain_tumor_mat/474.mat,474,0,102420,512,512,0.0,3255.0,2318,0.00884246826171875
/content/brain_tumor_mat/475.mat,475,0,102420,512,512,0.0,2942.0,1811,0.006908416748046875
/content/brain_tumor_mat/476.mat,476,0,102446,512,512,0.0,2394.0,862,0.00328826904296875
/content/brain_tumor_mat/477.mat,477,0,102446,512,512,0.0,2569.0,636,0.0024261474609375
/content/brain_tumor_mat/478.mat,478,0,102675,512,512,0.0,1827.0,873,0.003330230712890625
/content/brain_tumor_mat/479.mat,479,0,102675,512,512,0.0,2003.0,1203,0.004589080810546875
/content/brain_tumor_mat/480.mat,480,0,102714,512,512,0.0,2120.0,2015,0.007686614990234375
/content/brain_tumor_mat/481.mat,481,0,102714,512,512,0.0,2377.0,3570,0.01361846923828125
/content/brain_tumor_mat/482.mat,482,0,102714,512,512,0.0,2525.0,4162,0.01587677001953125
/content/brain_tumor_mat/483.mat,483,0,102714,512,512,0.0,2923.0,3635,0.013866424560546875
/content/brain_tumor_mat/484.mat,484,0,102714,512,512,0.0,2927.0,1039,0.003963470458984375
/content/brain_tumor_mat/485.mat,485,0,102818,512,512,0.0,765.0,2617,0.009983062744140625
/content/brain_tumor_mat/486.mat,486,0,102818,512,512,0.0,883.0,3138,0.01197052001953125
/content/brain_tumor_mat/487.mat,487,0,102818,512,512,0.0,870.0,3043,0.011608123779296875
/content/brain_tumor_mat/488.mat,488,0,102818,512,512,0.0,919.0,2540,0.0096893310546875
/content/brain_tumor_mat/489.mat,489,0,102935,512,512,0.0,2088.0,836,0.0031890869140625
/content/brain_tumor_mat/490.mat,490,0,102960,512,512,0.0,633.0,2667,0.010173797607421875
/content/brain_tumor_mat/491.mat,491,0,102960,512,512,0.0,725.0,3616,0.0137939453125
/content/brain_tumor_mat/492.mat,492,0,102960,512,512,0.0,812.0,3940,0.0150299072265625
/content/brain_tumor_mat/493.mat,493,0,102960,512,512,0.0,845.0,4054,0.01546478271484375
/content/brain_tumor_mat/494.mat,494,0,102960,512,512,0.0,874.0,1394,0.00531768798828125
/content/brain_tumor_mat/495.mat,495,0,102985,512,512,0.0,4160.0,697,0.002658843994140625
/content/brain_tumor_mat/496.mat,496,0,103673,512,512,0.0,1167.0,2458,0.00937652587890625
/content/brain_tumor_mat/497.mat,497,0,103673,512,512,0.0,1208.0,3034,0.01157379150390625
/content/brain_tumor_mat/498.mat,498,0,103673,512,512,0.0,1329.0,3701,0.014118194580078125
/content/brain_tumor_mat/499.mat,499,0,103673,512,512,0.0,1123.0,3040,0.0115966796875
/content/brain_tumor_mat/500.mat,500,0,103673,512,512,0.0,1181.0,3050,0.01163482666015625
/content/brain_tumor_mat/501.mat,501,0,103925,512,512,0.0,1588.0,2651,0.010112762451171875
/content/brain_tumor_mat/502.mat,502,0,103925,512,512,0.0,1590.0,4172,0.0159149169921875
/content/brain_tumor_mat/503.mat,503,0,103925,512,512,0.0,1523.0,3566,0.01360321044921875
/content/brain_tumor_mat/504.mat,504,0,103925,512,512,0.0,1463.0,1959,0.007472991943359375
/content/brain_tumor_mat/505.mat,505,0,104167,512,512,0.0,3182.0,2229,0.008502960205078125
/content/brain_tumor_mat/506.mat,506,0,104167,512,512,0.0,3075.0,5955,0.022716522216796875
/content/brain_tumor_mat/507.mat,507,0,104167,512,512,0.0,3177.0,7447,0.028408050537109375
/content/brain_tumor_mat/508.mat,508,0,104167,512,512,0.0,3249.0,6632,0.025299072265625
/content/brain_tumor_mat/509.mat,509,0,104167,512,512,0.0,2960.0,3063,0.011684417724609375
/content/brain_tumor_mat/510.mat,510,0,104281,512,512,0.0,2260.0,5752,0.021942138671875
/content/brain_tumor_mat/511.mat,511,0,104281,512,512,0.0,2137.0,7422,0.02831268310546875
/content/brain_tumor_mat/512.mat,512,0,104281,512,512,0.0,2395.0,7765,0.029621124267578125
/content/brain_tumor_mat/513.mat,513,0,104281,512,512,0.0,2198.0,5952,0.022705078125
/content/brain_tumor_mat/514.mat,514,0,104695,512,512,0.0,580.0,3123,0.011913299560546875
/content/brain_tumor_mat/515.mat,515,0,104695,512,512,0.0,599.0,4294,0.01638031005859375
/content/brain_tumor_mat/516.mat,516,0,104695,512,512,0.0,594.0,2933,0.011188507080078125
/content/brain_tumor_mat/517.mat,517,0,105374,512,512,0.0,2647.0,1182,0.00450897216796875
/content/brain_tumor_mat/518.mat,518,0,105555,512,512,0.0,2919.0,1000,0.003814697265625
/content/brain_tumor_mat/519.mat,519,0,105555,512,512,0.0,2889.0,728,0.002777099609375
/content/brain_tumor_mat/520.mat,520,0,105937,512,512,0.0,2713.0,3369,0.012851715087890625
/content/brain_tumor_mat/521.mat,521,0,105937,512,512,0.0,2784.0,4065,0.015506744384765625
/content/brain_tumor_mat/522.mat,522,0,105937,512,512,0.0,2909.0,3415,0.013027191162109375
/content/brain_tumor_mat/523.mat,523,0,106284,512,512,0.0,1840.0,7349,0.028034210205078125
/content/brain_tumor_mat/524.mat,524,0,106284,512,512,0.0,1737.0,6764,0.0258026123046875
/content/brain_tumor_mat/525.mat,525,0,106284,512,512,0.0,1669.0,6087,0.023220062255859375
/content/brain_tumor_mat/526.mat,526,0,106284,512,512,0.0,1713.0,4806,0.01833343505859375
/content/brain_tumor_mat/527.mat,527,0,106442,512,512,0.0,2719.0,1994,0.00760650634765625
/content/brain_tumor_mat/528.mat,528,0,106442,512,512,0.0,2942.0,3012,0.0114898681640625
/content/brain_tumor_mat/529.mat,529,0,106442,512,512,0.0,2798.0,4276,0.0163116455078125
/content/brain_tumor_mat/530.mat,530,0,106534,512,512,0.0,2404.0,1083,0.004131317138671875
/content/brain_tumor_mat/531.mat,531,0,106534,512,512,0.0,2210.0,699,0.002666473388671875
/content/brain_tumor_mat/532.mat,532,0,106592,512,512,0.0,684.0,2236,0.0085296630859375
/content/brain_tumor_mat/533.mat,533,0,106665,512,512,0.0,2186.0,3257,0.012424468994140625
/content/brain_tumor_mat/534.mat,534,0,106665,512,512,0.0,1926.0,4758,0.01815032958984375
/content/brain_tumor_mat/535.mat,535,0,106665,512,512,0.0,2146.0,8753,0.033390045166015625
/content/brain_tumor_mat/536.mat,536,0,106665,512,512,0.0,2498.0,11237,0.042865753173828125
/content/brain_tumor_mat/537.mat,537,0,106665,512,512,0.0,2569.0,12596,0.0480499267578125
/content/brain_tumor_mat/538.mat,538,0,106665,512,512,0.0,2329.0,12758,0.04866790771484375
/content/brain_tumor_mat/539.mat,539,0,106665,512,512,0.0,2346.0,7248,0.02764892578125
/content/brain_tumor_mat/540.mat,540,0,106720,512,512,0.0,2674.0,10383,0.039608001708984375
/content/brain_tumor_mat/541.mat,541,0,106720,512,512,0.0,2379.0,14097,0.053775787353515625
/content/brain_tumor_mat/542.mat,542,0,106720,512,512,0.0,2242.0,12026,0.04587554931640625
/content/brain_tumor_mat/543.mat,543,0,106914,512,512,0.0,3033.0,5591,0.021327972412109375
/content/brain_tumor_mat/544.mat,544,0,106914,512,512,0.0,3311.0,6122,0.02335357666015625
/content/brain_tumor_mat/545.mat,545,0,106914,512,512,0.0,3104.0,5705,0.021762847900390625
/content/brain_tumor_mat/546.mat,546,0,106914,512,512,0.0,3124.0,4993,0.019046783447265625
/content/brain_tumor_mat/547.mat,547,0,106914,512,512,0.0,3150.0,3744,0.0142822265625
/content/brain_tumor_mat/548.mat,548,0,106914,512,512,0.0,3055.0,1744,0.00665283203125
/content/brain_tumor_mat/549.mat,549,0,106914,512,512,0.0,2940.0,1154,0.00440216064453125
/content/brain_tumor_mat/550.mat,550,0,107190,512,512,0.0,1771.0,764,0.0029144287109375
/content/brain_tumor_mat/551.mat,551,0,107248,512,512,0.0,1312.0,2961,0.011295318603515625
/content/brain_tumor_mat/552.mat,552,0,107248,512,512,0.0,1454.0,3825,0.014591217041015625
/content/brain_tumor_mat/553.mat,553,0,107248,512,512,0.0,1565.0,3982,0.01519012451171875
/content/brain_tumor_mat/554.mat,554,0,107248,512,512,0.0,1613.0,2216,0.008453369140625
/content/brain_tumor_mat/555.mat,555,0,107248,512,512,0.0,1500.0,2054,0.00783538818359375
/content/brain_tumor_mat/556.mat,556,0,107494,512,512,0.0,2744.0,5986,0.02283477783203125
/content/brain_tumor_mat/557.mat,557,0,107494,512,512,0.0,3088.0,4721,0.018009185791015625
/content/brain_tumor_mat/558.mat,558,0,107494,512,512,0.0,3188.0,1753,0.006687164306640625
/content/brain_tumor_mat/559.mat,559,0,107494,512,512,0.0,3519.0,1404,0.0053558349609375
/content/brain_tumor_mat/560.mat,560,0,107946,512,512,0.0,905.0,7232,0.027587890625
/content/brain_tumor_mat/561.mat,561,0,107946,512,512,0.0,780.0,10454,0.03987884521484375
/content/brain_tumor_mat/562.mat,562,0,107946,512,512,0.0,868.0,7906,0.03015899658203125
/content/brain_tumor_mat/563.mat,563,0,107946,512,512,0.0,856.0,5543,0.021144866943359375
/content/brain_tumor_mat/564.mat,564,0,108514,512,512,0.0,2454.0,5404,0.0206146240234375
/content/brain_tumor_mat/565.mat,565,0,108514,512,512,0.0,2174.0,9513,0.036289215087890625
/content/brain_tumor_mat/566.mat,566,0,108514,512,512,0.0,2293.0,10825,0.041294097900390625
/content/brain_tumor_mat/567.mat,567,0,108514,512,512,0.0,2027.0,9832,0.037506103515625
/content/brain_tumor_mat/568.mat,568,0,108514,512,512,0.0,1901.0,6191,0.023616790771484375
/content/brain_tumor_mat/569.mat,569,0,108550,512,512,0.0,2702.0,2021,0.007709503173828125
/content/brain_tumor_mat/570.mat,570,0,108550,512,512,0.0,2490.0,1925,0.007343292236328125
/content/brain_tumor_mat/571.mat,571,0,108590,512,512,0.0,2666.0,1571,0.005992889404296875
/content/brain_tumor_mat/572.mat,572,0,108590,512,512,0.0,2636.0,1342,0.00511932373046875
/content/brain_tumor_mat/573.mat,573,0,108945,512,512,0.0,1779.0,3149,0.012012481689453125
/content/brain_tumor_mat/574.mat,574,0,108945,512,512,0.0,2552.0,4602,0.01755523681640625
/content/brain_tumor_mat/575.mat,575,0,108945,512,512,0.0,1930.0,5504,0.02099609375
/content/brain_tumor_mat/576.mat,576,0,108945,512,512,0.0,2108.0,4431,0.016902923583984375
/content/brain_tumor_mat/577.mat,577,0,109350,512,512,0.0,843.0,255,0.000972747802734375
/content/brain_tumor_mat/578.mat,578,0,109350,512,512,0.0,819.0,342,0.00130462646484375
/content/brain_tumor_mat/579.mat,579,0,109411,512,512,0.0,2510.0,480,0.0018310546875
/content/brain_tumor_mat/580.mat,580,0,109968,512,512,0.0,1753.0,3350,0.01277923583984375
/content/brain_tumor_mat/581.mat,581,0,109968,512,512,0.0,2031.0,5019,0.019145965576171875
/content/brain_tumor_mat/582.mat,582,0,109968,512,512,0.0,2038.0,5622,0.02144622802734375
/content/brain_tumor_mat/583.mat,583,0,109968,512,512,0.0,2103.0,4643,0.017711639404296875
/content/brain_tumor_mat/584.mat,584,0,110808,512,512,0.0,1023.0,2186,0.00833892822265625
/content/brain_tumor_mat/585.mat,585,0,110808,512,512,0.0,1051.0,643,0.002452850341796875
/content/brain_tumor_mat/586.mat,586,0,111077,512,512,0.0,2649.0,2319,0.008846282958984375
/content/brain_tumor_mat/587.mat,587,0,111077,512,512,0.0,2607.0,2816,0.0107421875
/content/brain_tumor_mat/588.mat,588,0,111077,512,512,0.0,2803.0,2486,0.00948333740234375
/content/brain_tumor_mat/589.mat,589,0,111366,512,512,0.0,2894.0,3142,0.01198577880859375
/content/brain_tumor_mat/590.mat,590,0,111366,512,512,0.0,2754.0,3891,0.014842987060546875
/content/brain_tumor_mat/591.mat,591,0,111366,512,512,0.0,2644.0,4361,0.016635894775390625
/content/brain_tumor_mat/592.mat,592,0,111366,512,512,0.0,2482.0,2853,0.010883331298828125
/content/brain_tumor_mat/593.mat,593,0,111532,512,512,0.0,2120.0,4103,0.015651702880859375
/content/brain_tumor_mat/594.mat,594,0,111532,512,512,0.0,2267.0,5180,0.0197601318359375
/content/brain_tumor_mat/595.mat,595,0,111532,512,512,0.0,2415.0,4981,0.019001007080078125
/content/brain_tumor_mat/596.mat,596,0,111696,512,512,0.0,988.0,845,0.003223419189453125
/content/brain_tumor_mat/597.mat,597,0,111710,512,512,0.0,865.0,849,0.003238677978515625
/content/brain_tumor_mat/598.mat,598,0,111710,512,512,0.0,900.0,638,0.00243377685546875
/content/brain_tumor_mat/599.mat,599,0,112002,512,512,0.0,2246.0,3139,0.011974334716796875
/content/brain_tumor_mat/600.mat,600,0,112002,512,512,0.0,2592.0,4496,0.01715087890625
/content/brain_tumor_mat/601.mat,601,0,112002,512,512,0.0,2750.0,5266,0.02008819580078125
/content/brain_tumor_mat/602.mat,602,0,112002,512,512,0.0,2963.0,4823,0.018398284912109375
/content/brain_tumor_mat/603.mat,603,0,112062,512,512,0.0,1359.0,2272,0.0086669921875
/content/brain_tumor_mat/604.mat,604,0,112062,512,512,0.0,1546.0,3429,0.013080596923828125
/content/brain_tumor_mat/605.mat,605,0,112062,512,512,0.0,1617.0,2594,0.00989532470703125
/content/brain_tumor_mat/606.mat,606,0,112252,512,512,0.0,2330.0,1723,0.006572723388671875
/content/brain_tumor_mat/607.mat,607,0,112252,512,512,0.0,2339.0,1354,0.00516510009765625
/content/brain_tumor_mat/608.mat,608,0,112552,512,512,0.0,2539.0,10292,0.0392608642578125
/content/brain_tumor_mat/609.mat,609,0,112552,512,512,0.0,2735.0,11843,0.045177459716796875
/content/brain_tumor_mat/610.mat,610,0,112552,512,512,0.0,2548.0,12946,0.04938507080078125
/content/brain_tumor_mat/611.mat,611,0,112552,512,512,0.0,2356.0,13060,0.0498199462890625
/content/brain_tumor_mat/612.mat,612,0,112552,512,512,0.0,2322.0,11331,0.043224334716796875
/content/brain_tumor_mat/613.mat,613,0,112552,512,512,0.0,2251.0,8244,0.0314483642578125
/content/brain_tumor_mat/614.mat,614,0,112552,512,512,0.0,2365.0,3956,0.0150909423828125
/content/brain_tumor_mat/615.mat,615,0,112648,512,512,0.0,2322.0,2455,0.009365081787109375
/content/brain_tumor_mat/616.mat,616,0,112648,512,512,0.0,2250.0,3285,0.012531280517578125
/content/brain_tumor_mat/617.mat,617,0,112648,512,512,0.0,2547.0,2680,0.010223388671875
/content/brain_tumor_mat/618.mat,618,0,112648,512,512,0.0,2459.0,1671,0.006374359130859375
/content/brain_tumor_mat/619.mat,619,0,112650,512,512,0.0,748.0,3509,0.013385772705078125
/content/brain_tumor_mat/620.mat,620,0,112650,512,512,0.0,715.0,3187,0.012157440185546875
/content/brain_tumor_mat/621.mat,621,0,113098,512,512,0.0,873.0,5448,0.020782470703125
/content/brain_tumor_mat/622.mat,622,0,113098,512,512,0.0,886.0,6318,0.02410125732421875
/content/brain_tumor_mat/623.mat,623,0,113098,512,512,0.0,814.0,7168,0.02734375
/content/brain_tumor_mat/624.mat,624,0,113098,512,512,0.0,789.0,4723,0.018016815185546875
/content/brain_tumor_mat/625.mat,625,0,113435,512,512,0.0,2155.0,8054,0.03072357177734375
/content/brain_tumor_mat/626.mat,626,0,113435,512,512,0.0,2459.0,12692,0.0484161376953125
/content/brain_tumor_mat/627.mat,627,0,113435,512,512,0.0,2741.0,15006,0.05724334716796875
/content/brain_tumor_mat/628.mat,628,0,113435,512,512,0.0,2920.0,15220,0.0580596923828125
/content/brain_tumor_mat/629.mat,629,0,113435,512,512,0.0,2920.0,12892,0.0491790771484375
/content/brain_tumor_mat/630.mat,630,0,113435,512,512,0.0,2867.0,5911,0.022548675537109375
/content/brain_tumor_mat/631.mat,631,0,113554,512,512,0.0,2807.0,1813,0.006916046142578125
/content/brain_tumor_mat/632.mat,632,0,113554,512,512,0.0,3236.0,2648,0.010101318359375
/content/brain_tumor_mat/633.mat,633,0,113554,512,512,0.0,3097.0,2283,0.008708953857421875
/content/brain_tumor_mat/634.mat,634,0,113554,512,512,0.0,2705.0,1431,0.005458831787109375
/content/brain_tumor_mat/635.mat,635,0,113614,512,512,0.0,929.0,4338,0.01654815673828125
/content/brain_tumor_mat/636.mat,636,0,113614,512,512,0.0,835.0,5850,0.02231597900390625
/content/brain_tumor_mat/637.mat,637,0,113614,512,512,0.0,888.0,6594,0.02515411376953125
/content/brain_tumor_mat/638.mat,638,0,113614,512,512,0.0,860.0,6175,0.023555755615234375
/content/brain_tumor_mat/639.mat,639,0,113805,512,512,0.0,2511.0,516,0.0019683837890625
/content/brain_tumor_mat/640.mat,640,0,113971,512,512,0.0,802.0,1156,0.0044097900390625
/content/brain_tumor_mat/641.mat,641,0,113971,512,512,0.0,851.0,1125,0.004291534423828125
/content/brain_tumor_mat/642.mat,642,0,114018,512,512,0.0,1456.0,2436,0.0092926025390625
/content/brain_tumor_mat/643.mat,643,0,114018,512,512,0.0,1400.0,3606,0.01375579833984375
/content/brain_tumor_mat/644.mat,644,0,114018,512,512,0.0,1377.0,5639,0.021511077880859375
/content/brain_tumor_mat/645.mat,645,0,114018,512,512,0.0,1484.0,5662,0.02159881591796875
/content/brain_tumor_mat/646.mat,646,0,114018,512,512,0.0,1509.0,6970,0.02658843994140625
/content/brain_tumor_mat/647.mat,647,0,114018,512,512,0.0,1564.0,4103,0.015651702880859375
/content/brain_tumor_mat/648.mat,648,0,114359,512,512,0.0,1683.0,4551,0.017360687255859375
/content/brain_tumor_mat/649.mat,649,0,114359,512,512,0.0,1771.0,7122,0.02716827392578125
/content/brain_tumor_mat/650.mat,650,0,114359,512,512,0.0,1932.0,9208,0.035125732421875
/content/brain_tumor_mat/651.mat,651,0,114359,512,512,0.0,2060.0,9538,0.03638458251953125
/content/brain_tumor_mat/652.mat,652,0,114359,512,512,0.0,2128.0,8136,0.031036376953125
/content/brain_tumor_mat/653.mat,653,0,114359,512,512,0.0,2287.0,6830,0.02605438232421875
/content/brain_tumor_mat/654.mat,654,0,114359,512,512,0.0,2188.0,4998,0.01906585693359375
/content/brain_tumor_mat/655.mat,655,0,114417,512,512,0.0,691.0,2770,0.01056671142578125
/content/brain_tumor_mat/656.mat,656,0,114417,512,512,0.0,715.0,3847,0.014675140380859375
/content/brain_tumor_mat/657.mat,657,0,114417,512,512,0.0,724.0,6054,0.02309417724609375
/content/brain_tumor_mat/658.mat,658,0,114417,512,512,0.0,729.0,4664,0.017791748046875
/content/brain_tumor_mat/659.mat,659,0,97374,512,512,0.0,981.0,7161,0.027317047119140625
/content/brain_tumor_mat/660.mat,660,0,97374,512,512,0.0,973.0,9802,0.03739166259765625
/content/brain_tumor_mat/661.mat,661,0,97374,512,512,0.0,929.0,9782,0.03731536865234375
/content/brain_tumor_mat/662.mat,662,0,97374,512,512,0.0,981.0,7729,0.029483795166015625
/content/brain_tumor_mat/663.mat,663,0,97374,512,512,0.0,868.0,5888,0.0224609375
/content/brain_tumor_mat/664.mat,664,0,97607,512,512,0.0,1966.0,3771,0.014385223388671875
/content/brain_tumor_mat/665.mat,665,0,97607,512,512,0.0,2071.0,4595,0.017528533935546875
/content/brain_tumor_mat/666.mat,666,0,97607,512,512,0.0,1914.0,4204,0.0160369873046875
/content/brain_tumor_mat/667.mat,667,0,97607,512,512,0.0,1980.0,2862,0.01091766357421875
/content/brain_tumor_mat/668.mat,668,0,97737,512,512,0.0,2073.0,3322,0.01267242431640625
/content/brain_tumor_mat/669.mat,669,0,97737,512,512,0.0,2325.0,4297,0.016391754150390625
/content/brain_tumor_mat/670.mat,670,0,97737,512,512,0.0,2254.0,4599,0.017543792724609375
/content/brain_tumor_mat/671.mat,671,0,97737,512,512,0.0,2098.0,4310,0.01644134521484375
/content/brain_tumor_mat/672.mat,672,0,97737,512,512,0.0,2254.0,3127,0.011928558349609375
/content/brain_tumor_mat/673.mat,673,0,97793,512,512,0.0,947.0,748,0.0028533935546875
/content/brain_tumor_mat/674.mat,674,0,97875,512,512,0.0,2978.0,1503,0.005733489990234375
/content/brain_tumor_mat/675.mat,675,0,97943,512,512,0.0,2110.0,3130,0.01194000244140625
/content/brain_tumor_mat/676.mat,676,0,97943,512,512,0.0,2254.0,5168,0.01971435546875
/content/brain_tumor_mat/677.mat,677,0,97943,512,512,0.0,2009.0,5409,0.020633697509765625
/content/brain_tumor_mat/678.mat,678,0,97943,512,512,0.0,2574.0,5045,0.019245147705078125
/content/brain_tumor_mat/679.mat,679,0,97943,512,512,0.0,2530.0,2772,0.0105743408203125
/content/brain_tumor_mat/680.mat,680,0,98241,512,512,0.0,1821.0,8510,0.03246307373046875
/content/brain_tumor_mat/681.mat,681,0,98241,512,512,0.0,1825.0,9987,0.038097381591796875
/content/brain_tumor_mat/682.mat,682,0,98241,512,512,0.0,1924.0,10893,0.041553497314453125
/content/brain_tumor_mat/683.mat,683,0,98241,512,512,0.0,2100.0,10774,0.04109954833984375
/content/brain_tumor_mat/684.mat,684,0,98241,512,512,0.0,2205.0,10033,0.038272857666015625
/content/brain_tumor_mat/685.mat,685,0,98241,512,512,0.0,2327.0,6578,0.02509307861328125
/content/brain_tumor_mat/686.mat,686,0,99017,512,512,0.0,1848.0,2536,0.009674072265625
/content/brain_tumor_mat/687.mat,687,0,99017,512,512,0.0,1836.0,2198,0.00838470458984375
/content/brain_tumor_mat/688.mat,688,0,99089,512,512,0.0,1988.0,2254,0.00859832763671875
/content/brain_tumor_mat/689.mat,689,0,99089,512,512,0.0,1950.0,2951,0.011257171630859375
/content/brain_tumor_mat/690.mat,690,0,99089,512,512,0.0,1939.0,3046,0.01161956787109375
/content/brain_tumor_mat/691.mat,691,0,99089,512,512,0.0,1934.0,2498,0.00952911376953125
/content/brain_tumor_mat/692.mat,692,0,99089,512,512,0.0,1891.0,1835,0.006999969482421875
/content/brain_tumor_mat/693.mat,693,0,99162,512,512,0.0,1005.0,1300,0.0049591064453125
/content/brain_tumor_mat/694.mat,694,0,99162,512,512,0.0,938.0,3462,0.01320648193359375
/content/brain_tumor_mat/695.mat,695,0,99162,512,512,0.0,965.0,1990,0.00759124755859375
/content/brain_tumor_mat/696.mat,696,0,99288,512,512,0.0,2690.0,436,0.0016632080078125
/content/brain_tumor_mat/697.mat,697,0,99308,512,512,0.0,2894.0,6871,0.026210784912109375
/content/brain_tumor_mat/698.mat,698,0,99308,512,512,0.0,2959.0,8920,0.034027099609375
/content/brain_tumor_mat/699.mat,699,0,99308,512,512,0.0,2826.0,8575,0.032711029052734375
/content/brain_tumor_mat/700.mat,700,0,99308,512,512,0.0,2825.0,5878,0.02242279052734375
/content/brain_tumor_mat/701.mat,701,0,99308,512,512,0.0,2698.0,4841,0.018466949462890625
/content/brain_tumor_mat/702.mat,702,0,99308,512,512,0.0,2513.0,3269,0.012470245361328125
/content/brain_tumor_mat/703.mat,703,0,99815,512,512,0.0,768.0,4804,0.0183258056640625
/content/brain_tumor_mat/704.mat,704,0,99815,512,512,0.0,792.0,6750,0.02574920654296875
/content/brain_tumor_mat/705.mat,705,0,99815,512,512,0.0,789.0,7409,0.028263092041015625
/content/brain_tumor_mat/706.mat,706,0,99815,512,512,0.0,801.0,7440,0.02838134765625
/content/brain_tumor_mat/707.mat,707,0,99815,512,512,0.0,876.0,8869,0.033832550048828125
/content/brain_tumor_mat/708.mat,708,0,99815,512,512,0.0,964.0,9758,0.03722381591796875
/content/brain_tumor_mat/709.mat,709,2,105936,512,512,0.0,962.0,1343,0.005123138427734375
/content/brain_tumor_mat/710.mat,710,2,105936,512,512,0.0,1021.0,2314,0.00882720947265625
/content/brain_tumor_mat/711.mat,711,2,105936,512,512,0.0,964.0,2496,0.009521484375
/content/brain_tumor_mat/712.mat,712,2,106062,512,512,0.0,879.0,2671,0.010189056396484375
/content/brain_tumor_mat/713.mat,713,2,106062,512,512,0.0,906.0,2935,0.011196136474609375
/content/brain_tumor_mat/714.mat,714,2,106062,512,512,0.0,954.0,2701,0.010303497314453125
/content/brain_tumor_mat/715.mat,715,1,100820,512,512,0.0,4232.0,9877,0.037677764892578125
/content/brain_tumor_mat/716.mat,716,1,100820,512,512,0.0,3958.0,10963,0.041820526123046875
/content/brain_tumor_mat/717.mat,717,1,100820,512,512,0.0,3762.0,12811,0.048870086669921875
/content/brain_tumor_mat/718.mat,718,1,101020,512,512,0.0,2404.0,5664,0.0216064453125
/content/brain_tumor_mat/719.mat,719,1,101020,512,512,0.0,2410.0,6289,0.023990631103515625
/content/brain_tumor_mat/720.mat,720,1,101020,512,512,0.0,2646.0,6452,0.0246124267578125
/content/brain_tumor_mat/721.mat,721,1,101020,512,512,0.0,2468.0,9473,0.036136627197265625
/content/brain_tumor_mat/722.mat,722,1,102075,512,512,0.0,3688.0,1420,0.0054168701171875
/content/brain_tumor_mat/723.mat,723,1,102075,512,512,0.0,3832.0,1990,0.00759124755859375
/content/brain_tumor_mat/724.mat,724,1,102075,512,512,0.0,3988.0,1624,0.006195068359375
/content/brain_tumor_mat/725.mat,725,1,103148,512,512,0.0,3355.0,3896,0.014862060546875
/content/brain_tumor_mat/726.mat,726,1,103148,512,512,0.0,3481.0,5097,0.019443511962890625
/content/brain_tumor_mat/727.mat,727,1,103148,512,512,0.0,3497.0,4159,0.015865325927734375
/content/brain_tumor_mat/728.mat,728,1,103148,512,512,0.0,3867.0,9491,0.036205291748046875
/content/brain_tumor_mat/729.mat,729,1,106494,512,512,0.0,4131.0,2684,0.0102386474609375
/content/brain_tumor_mat/730.mat,730,1,106494,512,512,0.0,4412.0,5031,0.019191741943359375
/content/brain_tumor_mat/731.mat,731,1,106494,512,512,0.0,4385.0,6412,0.0244598388671875
/content/brain_tumor_mat/732.mat,732,1,106494,512,512,0.0,4076.0,6165,0.023517608642578125
/content/brain_tumor_mat/733.mat,733,1,106494,512,512,0.0,4672.0,3673,0.014011383056640625
/content/brain_tumor_mat/734.mat,734,1,106494,512,512,0.0,3794.0,2069,0.007892608642578125
/content/brain_tumor_mat/735.mat,735,1,107747,512,512,0.0,3705.0,3329,0.012699127197265625
/content/brain_tumor_mat/736.mat,736,1,107747,512,512,0.0,3824.0,6459,0.024639129638671875
/content/brain_tumor_mat/737.mat,737,1,107747,512,512,0.0,3296.0,7230,0.02758026123046875
/content/brain_tumor_mat/738.mat,738,1,107747,512,512,0.0,3295.0,7535,0.028743743896484375
/content/brain_tumor_mat/739.mat,739,1,107747,512,512,0.0,3136.0,4537,0.017307281494140625
/content/brain_tumor_mat/740.mat,740,1,112105,512,512,0.0,4985.0,12349,0.047107696533203125
/content/brain_tumor_mat/741.mat,741,1,112105,512,512,0.0,3032.0,15377,0.058658599853515625
/content/brain_tumor_mat/742.mat,742,1,112105,512,512,0.0,3081.0,18548,0.0707550048828125
/content/brain_tumor_mat/743.mat,743,1,112105,512,512,0.0,3376.0,19296,0.0736083984375
/content/brain_tumor_mat/744.mat,744,1,112105,512,512,0.0,3620.0,17155,0.06544113159179688
/content/brain_tumor_mat/745.mat,745,1,112105,512,512,0.0,4713.0,14317,0.054615020751953125
/content/brain_tumor_mat/746.mat,746,1,112105,512,512,0.0,4411.0,10172,0.0388031005859375
/content/brain_tumor_mat/747.mat,747,1,100820,512,512,0.0,2501.0,11691,0.044597625732421875
/content/brain_tumor_mat/748.mat,748,1,100820,512,512,0.0,2450.0,14309,0.054584503173828125
/content/brain_tumor_mat/749.mat,749,1,100820,512,512,0.0,2704.0,10601,0.040439605712890625
/content/brain_tumor_mat/750.mat,750,1,100820,512,512,0.0,2925.0,10427,0.039775848388671875
/content/brain_tumor_mat/751.mat,751,1,100820,512,512,0.0,2643.0,10608,0.04046630859375
/content/brain_tumor_mat/752.mat,752,1,100820,512,512,0.0,2483.0,10428,0.0397796630859375
/content/brain_tumor_mat/753.mat,753,1,101020,512,512,0.0,2010.0,2266,0.00864410400390625
/content/brain_tumor_mat/754.mat,754,1,101020,512,512,0.0,2006.0,6377,0.024326324462890625
/content/brain_tumor_mat/755.mat,755,1,101020,512,512,0.0,2128.0,3634,0.01386260986328125
/content/brain_tumor_mat/756.mat,756,1,101020,512,512,0.0,2006.0,3331,0.012706756591796875
/content/brain_tumor_mat/757.mat,757,1,101020,512,512,0.0,2091.0,3238,0.01235198974609375
/content/brain_tumor_mat/758.mat,758,1,101020,512,512,0.0,2295.0,4614,0.01760101318359375
/content/brain_tumor_mat/759.mat,759,1,101020,512,512,0.0,2350.0,5255,0.020046234130859375
/content/brain_tumor_mat/760.mat,760,1,101020,512,512,0.0,2312.0,1453,0.005542755126953125
/content/brain_tumor_mat/761.mat,761,1,102075,512,512,0.0,3504.0,1505,0.005741119384765625
/content/brain_tumor_mat/762.mat,762,1,102075,512,512,0.0,3250.0,1874,0.00714874267578125
/content/brain_tumor_mat/763.mat,763,1,102075,512,512,0.0,3099.0,1585,0.006046295166015625
/content/brain_tumor_mat/764.mat,764,1,103148,512,512,0.0,2361.0,3682,0.01404571533203125
/content/brain_tumor_mat/765.mat,765,1,103148,512,512,0.0,2592.0,3211,0.012248992919921875
/content/brain_tumor_mat/766.mat,766,1,103148,512,512,0.0,2633.0,4469,0.017047882080078125
/content/brain_tumor_mat/767.mat,767,1,103148,512,512,0.0,3135.0,1871,0.007137298583984375
/content/brain_tumor_mat/768.mat,768,1,106494,512,512,0.0,2557.0,1421,0.005420684814453125
/content/brain_tumor_mat/769.mat,769,1,106494,512,512,0.0,2900.0,4873,0.018589019775390625
/content/brain_tumor_mat/770.mat,770,1,106494,512,512,0.0,3224.0,6927,0.026424407958984375
/content/brain_tumor_mat/771.mat,771,1,106494,512,512,0.0,2801.0,5341,0.020374298095703125
/content/brain_tumor_mat/772.mat,772,1,106494,512,512,0.0,2926.0,2517,0.009601593017578125
/content/brain_tumor_mat/773.mat,773,1,107747,512,512,0.0,3337.0,6284,0.0239715576171875
/content/brain_tumor_mat/774.mat,774,1,107747,512,512,0.0,3454.0,4061,0.015491485595703125
/content/brain_tumor_mat/775.mat,775,1,107747,512,512,0.0,3556.0,5673,0.021640777587890625
/content/brain_tumor_mat/776.mat,776,1,107747,512,512,0.0,3971.0,7223,0.027553558349609375
/content/brain_tumor_mat/777.mat,777,1,107747,512,512,0.0,3873.0,2517,0.009601593017578125
/content/brain_tumor_mat/778.mat,778,1,107747,512,512,0.0,3791.0,4621,0.017627716064453125
/content/brain_tumor_mat/779.mat,779,1,112027,512,512,0.0,772.0,8444,0.0322113037109375
/content/brain_tumor_mat/780.mat,780,1,112027,512,512,0.0,836.0,812,0.0030975341796875
/content/brain_tumor_mat/781.mat,781,1,112105,512,512,0.0,2580.0,5146,0.01963043212890625
/content/brain_tumor_mat/782.mat,782,1,112105,512,512,0.0,2544.0,6608,0.02520751953125
/content/brain_tumor_mat/783.mat,783,1,112105,512,512,0.0,2789.0,4559,0.017391204833984375
/content/brain_tumor_mat/784.mat,784,1,112105,512,512,0.0,2398.0,12472,0.047576904296875
/content/brain_tumor_mat/785.mat,785,1,112105,512,512,0.0,2365.0,14563,0.055553436279296875
/content/brain_tumor_mat/786.mat,786,1,112105,512,512,0.0,2262.0,16885,0.06441116333007812
/content/brain_tumor_mat/787.mat,787,1,112105,512,512,0.0,2360.0,15466,0.05899810791015625
/content/brain_tumor_mat/788.mat,788,1,112105,512,512,0.0,2367.0,16745,0.06387710571289062
/content/brain_tumor_mat/789.mat,789,1,112105,512,512,0.0,2621.0,14030,0.05352020263671875
/content/brain_tumor_mat/790.mat,790,1,112105,512,512,0.0,2779.0,9987,0.038097381591796875
/content/brain_tumor_mat/791.mat,791,1,112105,512,512,0.0,2280.0,6219,0.023723602294921875
/content/brain_tumor_mat/792.mat,792,1,88670,512,512,0.0,2228.0,7017,0.026767730712890625
/content/brain_tumor_mat/793.mat,793,1,88670,512,512,0.0,1888.0,17672,0.067413330078125
/content/brain_tumor_mat/794.mat,794,1,88670,512,512,0.0,2006.0,13184,0.05029296875
/content/brain_tumor_mat/795.mat,795,1,88670,512,512,0.0,2105.0,15146,0.05777740478515625
/content/brain_tumor_mat/796.mat,796,1,88670,512,512,0.0,2221.0,15380,0.0586700439453125
/content/brain_tumor_mat/797.mat,797,1,88670,512,512,0.0,2311.0,11370,0.04337310791015625
/content/brain_tumor_mat/798.mat,798,1,88670,512,512,0.0,2568.0,4470,0.01705169677734375
/content/brain_tumor_mat/799.mat,799,1,90284,512,512,0.0,2859.0,1846,0.00704193115234375
/content/brain_tumor_mat/800.mat,800,1,90284,512,512,0.0,3051.0,3166,0.01207733154296875
/content/brain_tumor_mat/801.mat,801,1,90284,512,512,0.0,3497.0,4236,0.0161590576171875
/content/brain_tumor_mat/802.mat,802,1,90284,512,512,0.0,2721.0,9776,0.03729248046875
/content/brain_tumor_mat/803.mat,803,1,90284,512,512,0.0,2633.0,6733,0.025684356689453125
/content/brain_tumor_mat/804.mat,804,1,90284,512,512,0.0,2606.0,9559,0.036464691162109375
/content/brain_tumor_mat/805.mat,805,1,90284,512,512,0.0,2909.0,8327,0.031764984130859375
/content/brain_tumor_mat/806.mat,806,1,90284,512,512,0.0,2854.0,1634,0.00623321533203125
/content/brain_tumor_mat/807.mat,807,1,92897,512,512,0.0,2814.0,4366,0.01665496826171875
/content/brain_tumor_mat/808.mat,808,1,92897,512,512,0.0,2840.0,1142,0.00435638427734375
/content/brain_tumor_mat/809.mat,809,1,93825,512,512,0.0,2774.0,2637,0.010059356689453125
/content/brain_tumor_mat/810.mat,810,1,93825,512,512,0.0,3043.0,3086,0.01177215576171875
/content/brain_tumor_mat/811.mat,811,1,93825,512,512,0.0,2971.0,3602,0.01374053955078125
/content/brain_tumor_mat/812.mat,812,1,97609,512,512,0.0,2323.0,7501,0.028614044189453125
/content/brain_tumor_mat/813.mat,813,1,97609,512,512,0.0,2018.0,9717,0.037067413330078125
/content/brain_tumor_mat/814.mat,814,1,97609,512,512,0.0,2179.0,10477,0.039966583251953125
/content/brain_tumor_mat/815.mat,815,1,97609,512,512,0.0,2034.0,11771,0.044902801513671875
/content/brain_tumor_mat/816.mat,816,1,97609,512,512,0.0,2159.0,12108,0.0461883544921875
/content/brain_tumor_mat/817.mat,817,1,97609,512,512,0.0,2323.0,8280,0.031585693359375
/content/brain_tumor_mat/818.mat,818,1,100416,512,512,0.0,944.0,1228,0.0046844482421875
/content/brain_tumor_mat/819.mat,819,1,100416,512,512,0.0,856.0,2915,0.011119842529296875
/content/brain_tumor_mat/820.mat,820,1,100416,512,512,0.0,1109.0,3000,0.011444091796875
/content/brain_tumor_mat/821.mat,821,1,100416,512,512,0.0,1273.0,1682,0.00641632080078125
/content/brain_tumor_mat/822.mat,822,1,100820,512,512,0.0,2168.0,1356,0.0051727294921875
/content/brain_tumor_mat/823.mat,823,1,100820,512,512,0.0,2294.0,2144,0.0081787109375
/content/brain_tumor_mat/824.mat,824,1,100820,512,512,0.0,2179.0,13571,0.051769256591796875
/content/brain_tumor_mat/825.mat,825,1,100820,512,512,0.0,2332.0,3492,0.0133209228515625
/content/brain_tumor_mat/826.mat,826,1,100820,512,512,0.0,2571.0,2530,0.00965118408203125
/content/brain_tumor_mat/827.mat,827,1,100820,512,512,0.0,2768.0,1560,0.005950927734375
/content/brain_tumor_mat/828.mat,828,1,101020,512,512,0.0,1889.0,1161,0.004428863525390625
/content/brain_tumor_mat/829.mat,829,1,101020,512,512,0.0,2110.0,9699,0.036998748779296875
/content/brain_tumor_mat/830.mat,830,1,101020,512,512,0.0,1790.0,4728,0.018035888671875
/content/brain_tumor_mat/831.mat,831,1,101020,512,512,0.0,1817.0,5023,0.019161224365234375
/content/brain_tumor_mat/832.mat,832,1,101020,512,512,0.0,1816.0,4296,0.016387939453125
/content/brain_tumor_mat/833.mat,833,1,101020,512,512,0.0,1760.0,2244,0.0085601806640625
/content/brain_tumor_mat/834.mat,834,1,101384,512,512,0.0,1016.0,5538,0.02112579345703125
/content/brain_tumor_mat/835.mat,835,1,101384,512,512,0.0,1037.0,7004,0.0267181396484375
/content/brain_tumor_mat/836.mat,836,1,101384,512,512,0.0,1038.0,3418,0.01303863525390625
/content/brain_tumor_mat/837.mat,837,1,102075,512,512,0.0,2363.0,1701,0.006488800048828125
/content/brain_tumor_mat/838.mat,838,1,102075,512,512,0.0,2160.0,1818,0.00693511962890625
/content/brain_tumor_mat/839.mat,839,1,102075,512,512,0.0,2155.0,1737,0.006626129150390625
/content/brain_tumor_mat/840.mat,840,1,103148,512,512,0.0,2081.0,4015,0.015316009521484375
/content/brain_tumor_mat/841.mat,841,1,103148,512,512,0.0,2172.0,2894,0.01103973388671875
/content/brain_tumor_mat/842.mat,842,1,103148,512,512,0.0,2206.0,2594,0.00989532470703125
/content/brain_tumor_mat/843.mat,843,1,103148,512,512,0.0,2061.0,1731,0.006603240966796875
/content/brain_tumor_mat/844.mat,844,1,105653,512,512,0.0,891.0,1838,0.00701141357421875
/content/brain_tumor_mat/845.mat,845,1,105653,512,512,0.0,891.0,1974,0.00753021240234375
/content/brain_tumor_mat/846.mat,846,1,106494,512,512,0.0,2742.0,1134,0.00432586669921875
/content/brain_tumor_mat/847.mat,847,1,106494,512,512,0.0,2384.0,3163,0.012065887451171875
/content/brain_tumor_mat/848.mat,848,1,106494,512,512,0.0,2591.0,4734,0.01805877685546875
/content/brain_tumor_mat/849.mat,849,1,106494,512,512,0.0,2266.0,7068,0.0269622802734375
/content/brain_tumor_mat/850.mat,850,1,106494,512,512,0.0,2132.0,5780,0.0220489501953125
/content/brain_tumor_mat/851.mat,851,1,106494,512,512,0.0,2293.0,2462,0.00939178466796875
/content/brain_tumor_mat/852.mat,852,1,106494,512,512,0.0,2662.0,1523,0.005809783935546875
/content/brain_tumor_mat/853.mat,853,1,107747,512,512,0.0,2931.0,4365,0.016651153564453125
/content/brain_tumor_mat/854.mat,854,1,107747,512,512,0.0,2841.0,4542,0.01732635498046875
/content/brain_tumor_mat/855.mat,855,1,107747,512,512,0.0,3043.0,5447,0.020778656005859375
/content/brain_tumor_mat/856.mat,856,1,107747,512,512,0.0,2892.0,6096,0.02325439453125
/content/brain_tumor_mat/857.mat,857,1,108479,512,512,0.0,778.0,5077,0.019367218017578125
/content/brain_tumor_mat/858.mat,858,1,108479,512,512,0.0,803.0,6362,0.02426910400390625
/content/brain_tumor_mat/859.mat,859,1,112105,512,512,0.0,2031.0,12940,0.0493621826171875
/content/brain_tumor_mat/860.mat,860,1,112105,512,512,0.0,2230.0,16798,0.06407928466796875
/content/brain_tumor_mat/861.mat,861,1,112105,512,512,0.0,2112.0,20600,0.078582763671875
/content/brain_tumor_mat/862.mat,862,1,112105,512,512,0.0,2072.0,21080,0.080413818359375
/content/brain_tumor_mat/863.mat,863,1,112105,512,512,0.0,3585.0,15012,0.0572662353515625
/content/brain_tumor_mat/864.mat,864,1,112105,512,512,0.0,4037.0,13782,0.05257415771484375
/content/brain_tumor_mat/865.mat,865,1,88670,512,512,0.0,1755.0,6588,0.0251312255859375
/content/brain_tumor_mat/866.mat,866,1,88670,512,512,0.0,1628.0,13084,0.0499114990234375
/content/brain_tumor_mat/867.mat,867,1,88670,512,512,0.0,1629.0,13907,0.053050994873046875
/content/brain_tumor_mat/868.mat,868,1,88670,512,512,0.0,1926.0,17868,0.0681610107421875
/content/brain_tumor_mat/869.mat,869,1,88670,512,512,0.0,1629.0,19742,0.07530975341796875
/content/brain_tumor_mat/870.mat,870,1,90284,512,512,0.0,2133.0,2015,0.007686614990234375
/content/brain_tumor_mat/871.mat,871,1,90284,512,512,0.0,2098.0,3177,0.012119293212890625
/content/brain_tumor_mat/872.mat,872,1,90284,512,512,0.0,2239.0,1090,0.00415802001953125
/content/brain_tumor_mat/873.mat,873,1,90284,512,512,0.0,2246.0,3816,0.014556884765625
/content/brain_tumor_mat/874.mat,874,1,90284,512,512,0.0,2608.0,3428,0.0130767822265625
/content/brain_tumor_mat/875.mat,875,1,90284,512,512,0.0,3146.0,4023,0.015346527099609375
/content/brain_tumor_mat/876.mat,876,1,90284,512,512,0.0,2988.0,4684,0.0178680419921875
/content/brain_tumor_mat/877.mat,877,1,90284,512,512,0.0,2939.0,5961,0.022739410400390625
/content/brain_tumor_mat/878.mat,878,1,90284,512,512,0.0,2686.0,2563,0.009777069091796875
/content/brain_tumor_mat/879.mat,879,1,90284,512,512,0.0,2691.0,1947,0.007427215576171875
/content/brain_tumor_mat/880.mat,880,1,90284,512,512,0.0,2406.0,1383,0.005275726318359375
/content/brain_tumor_mat/881.mat,881,1,92897,512,512,0.0,4353.0,1633,0.006229400634765625
/content/brain_tumor_mat/882.mat,882,1,92897,512,512,0.0,5614.0,5549,0.021167755126953125
/content/brain_tumor_mat/883.mat,883,1,93329,512,512,0.0,910.0,5411,0.020641326904296875
/content/brain_tumor_mat/884.mat,884,1,93329,512,512,0.0,933.0,7017,0.026767730712890625
/content/brain_tumor_mat/885.mat,885,1,93329,512,512,0.0,957.0,8677,0.033100128173828125
/content/brain_tumor_mat/886.mat,886,1,93329,512,512,0.0,900.0,9188,0.0350494384765625
/content/brain_tumor_mat/887.mat,887,1,93329,512,512,0.0,908.0,8393,0.032016754150390625
/content/brain_tumor_mat/888.mat,888,1,93825,512,512,0.0,2364.0,5951,0.022701263427734375
/content/brain_tumor_mat/889.mat,889,1,93825,512,512,0.0,2313.0,4697,0.017917633056640625
/content/brain_tumor_mat/890.mat,890,1,93825,512,512,0.0,2938.0,4665,0.017795562744140625
/content/brain_tumor_mat/891.mat,891,1,93825,512,512,0.0,2256.0,3882,0.01480865478515625
/content/brain_tumor_mat/892.mat,892,1,94731,512,512,0.0,912.0,1700,0.0064849853515625
/content/brain_tumor_mat/893.mat,893,1,94731,512,512,0.0,798.0,1750,0.00667572021484375
/content/brain_tumor_mat/894.mat,894,1,94731,512,512,0.0,753.0,1455,0.005550384521484375
/content/brain_tumor_mat/895.mat,895,1,95142,512,512,0.0,1233.0,1759,0.006710052490234375
/content/brain_tumor_mat/896.mat,896,1,95142,512,512,0.0,1269.0,2485,0.009479522705078125
/content/brain_tumor_mat/897.mat,897,1,95142,512,512,0.0,1084.0,1924,0.0073394775390625
/content/brain_tumor_mat/898.mat,898,1,95142,512,512,0.0,978.0,10239,0.039058685302734375
/content/brain_tumor_mat/899.mat,899,1,95142,512,512,0.0,1004.0,8602,0.03281402587890625
/content/brain_tumor_mat/900.mat,900,1,95142,512,512,0.0,982.0,11541,0.044025421142578125
/content/brain_tumor_mat/901.mat,901,1,95142,512,512,0.0,1014.0,10035,0.038280487060546875
/content/brain_tumor_mat/902.mat,902,1,95142,512,512,0.0,1066.0,10133,0.038654327392578125
/content/brain_tumor_mat/903.mat,903,1,95142,512,512,0.0,990.0,9532,0.0363616943359375
/content/brain_tumor_mat/904.mat,904,1,96587,512,512,0.0,759.0,3649,0.013919830322265625
/content/brain_tumor_mat/905.mat,905,1,96587,512,512,0.0,819.0,7310,0.02788543701171875
/content/brain_tumor_mat/906.mat,906,1,96587,512,512,0.0,892.0,13073,0.049869537353515625
/content/brain_tumor_mat/907.mat,907,1,96587,512,512,0.0,845.0,13816,0.052703857421875
/content/brain_tumor_mat/908.mat,908,1,97609,512,512,0.0,1915.0,16052,0.0612335205078125
/content/brain_tumor_mat/909.mat,909,1,97609,512,512,0.0,2001.0,18105,0.06906509399414062
/content/brain_tumor_mat/910.mat,910,1,97609,512,512,0.0,2146.0,12769,0.048709869384765625
/content/brain_tumor_mat/911.mat,911,1,97609,512,512,0.0,2185.0,15247,0.058162689208984375
/content/brain_tumor_mat/912.mat,912,1,98889,512,512,0.0,1167.0,1221,0.004657745361328125
/content/brain_tumor_mat/913.mat,913,1,98889,512,512,0.0,1123.0,4734,0.01805877685546875
/content/brain_tumor_mat/914.mat,914,1,98889,512,512,0.0,904.0,4557,0.017383575439453125
/content/brain_tumor_mat/915.mat,915,1,98889,512,512,0.0,801.0,8397,0.032032012939453125
/content/brain_tumor_mat/916.mat,916,1,98889,512,512,0.0,817.0,8575,0.032711029052734375
/content/brain_tumor_mat/917.mat,917,1,98889,512,512,0.0,839.0,9748,0.0371856689453125
/content/brain_tumor_mat/918.mat,918,2,105936,512,512,0.0,903.0,1055,0.004024505615234375
/content/brain_tumor_mat/919.mat,919,2,105936,512,512,0.0,784.0,752,0.00286865234375
/content/brain_tumor_mat/920.mat,920,2,105936,512,512,0.0,746.0,1049,0.004001617431640625
/content/brain_tumor_mat/921.mat,921,2,105936,512,512,0.0,783.0,825,0.003147125244140625
/content/brain_tumor_mat/922.mat,922,2,106062,512,512,0.0,948.0,3409,0.013004302978515625
/content/brain_tumor_mat/923.mat,923,2,106062,512,512,0.0,1090.0,3693,0.014087677001953125
/content/brain_tumor_mat/924.mat,924,2,106062,512,512,0.0,1161.0,3594,0.01371002197265625
/content/brain_tumor_mat/925.mat,925,2,106062,512,512,0.0,1045.0,2576,0.00982666015625
/content/brain_tumor_mat/926.mat,926,2,107495,512,512,0.0,950.0,1317,0.005023956298828125
/content/brain_tumor_mat/927.mat,927,2,107495,512,512,0.0,841.0,1972,0.0075225830078125
/content/brain_tumor_mat/928.mat,928,2,107495,512,512,0.0,913.0,2007,0.007656097412109375
/content/brain_tumor_mat/929.mat,929,2,107495,512,512,0.0,868.0,1654,0.00630950927734375
/content/brain_tumor_mat/930.mat,930,2,107495,512,512,0.0,865.0,1521,0.005802154541015625
/content/brain_tumor_mat/931.mat,931,2,107495,512,512,0.0,869.0,1238,0.00472259521484375
/content/brain_tumor_mat/932.mat,932,2,107495,512,512,0.0,823.0,888,0.003387451171875
/content/brain_tumor_mat/933.mat,933,2,107429,512,512,0.0,3447.0,3763,0.014354705810546875
/content/brain_tumor_mat/934.mat,934,2,107429,512,512,0.0,3552.0,4096,0.015625
/content/brain_tumor_mat/935.mat,935,2,107429,512,512,0.0,3780.0,3874,0.01477813720703125
/content/brain_tumor_mat/936.mat,936,2,107429,512,512,0.0,3832.0,3431,0.013088226318359375
/content/brain_tumor_mat/937.mat,937,2,107429,512,512,0.0,4601.0,3136,0.011962890625
/content/brain_tumor_mat/938.mat,938,2,107429,512,512,0.0,4080.0,2382,0.00908660888671875
/content/brain_tumor_mat/939.mat,939,2,107505,512,512,0.0,850.0,1844,0.0070343017578125
/content/brain_tumor_mat/940.mat,940,2,107505,512,512,0.0,906.0,2130,0.00812530517578125
/content/brain_tumor_mat/941.mat,941,2,107505,512,512,0.0,947.0,2295,0.008754730224609375
/content/brain_tumor_mat/942.mat,942,2,107505,512,512,0.0,1038.0,2193,0.008365631103515625
/content/brain_tumor_mat/943.mat,943,2,107505,512,512,0.0,1128.0,1596,0.0060882568359375
/content/brain_tumor_mat/944.mat,944,2,107505,512,512,0.0,1088.0,1263,0.004817962646484375
/content/brain_tumor_mat/945.mat,945,2,107505,512,512,0.0,1031.0,941,0.003589630126953125
/content/brain_tumor_mat/946.mat,946,2,107743,512,512,0.0,931.0,1409,0.005374908447265625
/content/brain_tumor_mat/947.mat,947,2,107743,512,512,0.0,913.0,1988,0.0075836181640625
/content/brain_tumor_mat/948.mat,948,2,107743,512,512,0.0,911.0,2442,0.00931549072265625
/content/brain_tumor_mat/949.mat,949,2,107743,512,512,0.0,850.0,1390,0.00530242919921875
/content/brain_tumor_mat/950.mat,950,2,108858,512,512,0.0,949.0,1130,0.00431060791015625
/content/brain_tumor_mat/951.mat,951,2,108858,512,512,0.0,1130.0,1928,0.007354736328125
/content/brain_tumor_mat/952.mat,952,2,108858,512,512,0.0,1032.0,1472,0.005615234375
/content/brain_tumor_mat/953.mat,953,2,108858,512,512,0.0,1091.0,848,0.00323486328125
/content/brain_tumor_mat/954.mat,954,2,108858,512,512,0.0,1157.0,660,0.0025177001953125
/content/brain_tumor_mat/955.mat,955,2,108931,256,256,0.0,264.0,274,0.004180908203125
/content/brain_tumor_mat/956.mat,956,2,108931,256,256,0.0,259.0,492,0.00750732421875
/content/brain_tumor_mat/957.mat,957,2,108931,256,256,0.0,284.0,522,0.007965087890625
/content/brain_tumor_mat/958.mat,958,2,109471,512,512,0.0,4002.0,1793,0.006839752197265625
/content/brain_tumor_mat/959.mat,959,2,109471,512,512,0.0,4162.0,1694,0.00646209716796875
/content/brain_tumor_mat/960.mat,960,2,109471,512,512,0.0,4266.0,2069,0.007892608642578125
/content/brain_tumor_mat/961.mat,961,2,109471,512,512,0.0,4007.0,2087,0.007961273193359375
/content/brain_tumor_mat/962.mat,962,2,109769,512,512,0.0,1020.0,1447,0.005519866943359375
/content/brain_tumor_mat/963.mat,963,2,109769,512,512,0.0,903.0,1533,0.005847930908203125
/content/brain_tumor_mat/964.mat,964,2,109769,512,512,0.0,1002.0,1758,0.00670623779296875
/content/brain_tumor_mat/965.mat,965,2,109769,512,512,0.0,902.0,621,0.002368927001953125
/content/brain_tumor_mat/966.mat,966,2,109898,512,512,0.0,731.0,1846,0.00704193115234375
/content/brain_tumor_mat/967.mat,967,2,109898,512,512,0.0,795.0,1943,0.007411956787109375
/content/brain_tumor_mat/968.mat,968,2,109898,512,512,0.0,849.0,3189,0.012165069580078125
/content/brain_tumor_mat/969.mat,969,2,109898,512,512,0.0,981.0,2594,0.00989532470703125
/content/brain_tumor_mat/970.mat,970,2,109898,512,512,0.0,923.0,1385,0.005283355712890625
/content/brain_tumor_mat/971.mat,971,2,109898,512,512,0.0,966.0,846,0.00322723388671875
/content/brain_tumor_mat/972.mat,972,2,110518,512,512,0.0,3175.0,806,0.00307464599609375
/content/brain_tumor_mat/973.mat,973,2,110518,512,512,0.0,3439.0,1126,0.00429534912109375
/content/brain_tumor_mat/974.mat,974,2,110537,512,512,0.0,3642.0,509,0.001941680908203125
/content/brain_tumor_mat/975.mat,975,2,110537,512,512,0.0,3349.0,1784,0.006805419921875
/content/brain_tumor_mat/976.mat,976,2,110993,512,512,0.0,3213.0,2098,0.00800323486328125
/content/brain_tumor_mat/977.mat,977,2,110993,512,512,0.0,3411.0,1452,0.0055389404296875
/content/brain_tumor_mat/978.mat,978,2,110993,512,512,0.0,3388.0,1319,0.005031585693359375
/content/brain_tumor_mat/979.mat,979,2,110993,512,512,0.0,3183.0,2258,0.00861358642578125
/content/brain_tumor_mat/980.mat,980,2,111075,512,512,0.0,725.0,1485,0.005664825439453125
/content/brain_tumor_mat/981.mat,981,2,111075,512,512,0.0,808.0,2980,0.0113677978515625
/content/brain_tumor_mat/982.mat,982,2,111075,512,512,0.0,896.0,3601,0.013736724853515625
/content/brain_tumor_mat/983.mat,983,2,111075,512,512,0.0,906.0,1592,0.006072998046875
/content/brain_tumor_mat/984.mat,984,2,111075,512,512,0.0,916.0,1351,0.005153656005859375
/content/brain_tumor_mat/985.mat,985,2,111075,512,512,0.0,910.0,1493,0.005695343017578125
/content/brain_tumor_mat/986.mat,986,2,111125,512,512,0.0,845.0,1081,0.004123687744140625
/content/brain_tumor_mat/987.mat,987,2,111125,512,512,0.0,876.0,1386,0.00528717041015625
/content/brain_tumor_mat/988.mat,988,2,111125,512,512,0.0,944.0,1613,0.006153106689453125
/content/brain_tumor_mat/989.mat,989,2,111125,512,512,0.0,952.0,1476,0.0056304931640625
/content/brain_tumor_mat/990.mat,990,2,111785,512,512,0.0,1094.0,1894,0.00722503662109375
/content/brain_tumor_mat/991.mat,991,2,111785,512,512,0.0,999.0,1581,0.006031036376953125
/content/brain_tumor_mat/992.mat,992,2,111785,512,512,0.0,1020.0,1238,0.00472259521484375
/content/brain_tumor_mat/993.mat,993,2,111785,512,512,0.0,1021.0,1215,0.004634857177734375
/content/brain_tumor_mat/994.mat,994,2,112074,512,512,0.0,1154.0,2585,0.009860992431640625
/content/brain_tumor_mat/995.mat,995,2,112074,512,512,0.0,1244.0,3399,0.012966156005859375
/content/brain_tumor_mat/996.mat,996,2,112074,512,512,0.0,1362.0,2584,0.009857177734375
/content/brain_tumor_mat/997.mat,997,2,112074,512,512,0.0,1349.0,1600,0.006103515625
/content/brain_tumor_mat/998.mat,998,2,112649,512,512,0.0,917.0,1470,0.00560760498046875
/content/brain_tumor_mat/999.mat,999,2,112649,512,512,0.0,885.0,1465,0.005588531494140625
/content/brain_tumor_mat/1000.mat,1000,2,112649,512,512,0.0,951.0,1542,0.00588226318359375
/content/brain_tumor_mat/1001.mat,1001,2,112649,512,512,0.0,902.0,1757,0.006702423095703125
/content/brain_tumor_mat/1002.mat,1002,2,112649,512,512,0.0,890.0,1394,0.00531768798828125
/content/brain_tumor_mat/1003.mat,1003,2,112746,512,512,0.0,4737.0,1617,0.006168365478515625
/content/brain_tumor_mat/1004.mat,1004,2,112746,512,512,0.0,4928.0,1457,0.005558013916015625
/content/brain_tumor_mat/1005.mat,1005,2,112746,512,512,0.0,4873.0,1166,0.00444793701171875
/content/brain_tumor_mat/1006.mat,1006,2,112847,512,512,0.0,5480.0,1528,0.005828857421875
/content/brain_tumor_mat/1007.mat,1007,2,112847,512,512,0.0,5323.0,1399,0.005336761474609375
/content/brain_tumor_mat/1008.mat,1008,2,112847,512,512,0.0,5368.0,2065,0.007877349853515625
/content/brain_tumor_mat/1009.mat,1009,2,112847,512,512,0.0,5334.0,1501,0.005725860595703125
/content/brain_tumor_mat/1010.mat,1010,2,113274,512,512,0.0,4926.0,1208,0.004608154296875
/content/brain_tumor_mat/1011.mat,1011,2,113274,512,512,0.0,4430.0,1337,0.005100250244140625
/content/brain_tumor_mat/1012.mat,1012,2,113274,512,512,0.0,4762.0,1374,0.00524139404296875
/content/brain_tumor_mat/1013.mat,1013,2,113741,512,512,0.0,842.0,1161,0.004428863525390625
/content/brain_tumor_mat/1014.mat,1014,2,113741,512,512,0.0,821.0,1295,0.004940032958984375
/content/brain_tumor_mat/1015.mat,1015,2,114040,512,512,0.0,1046.0,1878,0.00716400146484375
/content/brain_tumor_mat/1016.mat,1016,2,114040,512,512,0.0,960.0,1619,0.006175994873046875
/content/brain_tumor_mat/1017.mat,1017,2,114040,512,512,0.0,1048.0,1652,0.0063018798828125
/content/brain_tumor_mat/1018.mat,1018,2,114361,512,512,0.0,4872.0,2521,0.009616851806640625
/content/brain_tumor_mat/1019.mat,1019,2,114361,512,512,0.0,5405.0,3112,0.011871337890625
/content/brain_tumor_mat/1020.mat,1020,2,114361,512,512,0.0,5180.0,3207,0.012233734130859375
/content/brain_tumor_mat/1021.mat,1021,2,114094,512,512,0.0,3533.0,4938,0.01883697509765625
/content/brain_tumor_mat/1022.mat,1022,2,114094,512,512,0.0,3986.0,3610,0.01377105712890625
/content/brain_tumor_mat/1023.mat,1023,2,114094,512,512,0.0,3835.0,3635,0.013866424560546875
/content/brain_tumor_mat/1024.mat,1024,2,114094,512,512,0.0,3887.0,2005,0.007648468017578125
/content/brain_tumor_mat/1025.mat,1025,2,101017,512,512,0.0,1168.0,1623,0.006191253662109375
/content/brain_tumor_mat/1026.mat,1026,2,101017,512,512,0.0,1204.0,1964,0.0074920654296875
/content/brain_tumor_mat/1027.mat,1027,2,101017,512,512,0.0,1182.0,2091,0.007976531982421875
/content/brain_tumor_mat/1028.mat,1028,2,101017,512,512,0.0,1284.0,899,0.003429412841796875
/content/brain_tumor_mat/1029.mat,1029,2,101017,512,512,0.0,1250.0,455,0.001735687255859375
/content/brain_tumor_mat/1030.mat,1030,2,101029,512,512,0.0,2390.0,2026,0.00772857666015625
/content/brain_tumor_mat/1031.mat,1031,2,101029,512,512,0.0,2458.0,2834,0.01081085205078125
/content/brain_tumor_mat/1032.mat,1032,2,101029,512,512,0.0,2537.0,2678,0.01021575927734375
/content/brain_tumor_mat/1033.mat,1033,2,101029,512,512,0.0,2802.0,2315,0.008831024169921875
/content/brain_tumor_mat/1034.mat,1034,2,105936,512,512,0.0,826.0,437,0.001667022705078125
/content/brain_tumor_mat/1035.mat,1035,2,106062,512,512,0.0,675.0,3632,0.01385498046875
/content/brain_tumor_mat/1036.mat,1036,2,106062,512,512,0.0,680.0,5273,0.020114898681640625
/content/brain_tumor_mat/1037.mat,1037,2,106062,512,512,0.0,762.0,5707,0.021770477294921875
/content/brain_tumor_mat/1038.mat,1038,2,106062,512,512,0.0,658.0,5362,0.02045440673828125
/content/brain_tumor_mat/1039.mat,1039,2,106062,512,512,0.0,665.0,4626,0.01764678955078125
/content/brain_tumor_mat/1040.mat,1040,2,106062,512,512,0.0,681.0,4153,0.015842437744140625
/content/brain_tumor_mat/1041.mat,1041,2,106062,512,512,0.0,705.0,1718,0.00655364990234375
/content/brain_tumor_mat/1042.mat,1042,2,107495,512,512,0.0,567.0,2486,0.00948333740234375
/content/brain_tumor_mat/1043.mat,1043,2,107495,512,512,0.0,728.0,2958,0.01128387451171875
/content/brain_tumor_mat/1044.mat,1044,2,107495,512,512,0.0,530.0,3024,0.01153564453125
/content/brain_tumor_mat/1045.mat,1045,2,107495,512,512,0.0,522.0,2793,0.010654449462890625
/content/brain_tumor_mat/1046.mat,1046,2,107495,512,512,0.0,578.0,2724,0.0103912353515625
/content/brain_tumor_mat/1047.mat,1047,2,107429,512,512,0.0,2692.0,4005,0.015277862548828125
/content/brain_tumor_mat/1048.mat,1048,2,107429,512,512,0.0,2692.0,5300,0.0202178955078125
/content/brain_tumor_mat/1049.mat,1049,2,107429,512,512,0.0,2810.0,6757,0.025775909423828125
/content/brain_tumor_mat/1050.mat,1050,2,107429,512,512,0.0,2811.0,7282,0.02777862548828125
/content/brain_tumor_mat/1051.mat,1051,2,107429,512,512,0.0,2783.0,6520,0.024871826171875
/content/brain_tumor_mat/1052.mat,1052,2,107429,512,512,0.0,2905.0,5489,0.020938873291015625
/content/brain_tumor_mat/1053.mat,1053,2,107429,512,512,0.0,2904.0,3494,0.01332855224609375
/content/brain_tumor_mat/1054.mat,1054,2,107505,512,512,0.0,638.0,3366,0.01284027099609375
/content/brain_tumor_mat/1055.mat,1055,2,107505,512,512,0.0,693.0,3474,0.01325225830078125
/content/brain_tumor_mat/1056.mat,1056,2,107505,512,512,0.0,658.0,5154,0.01966094970703125
/content/brain_tumor_mat/1057.mat,1057,2,107505,512,512,0.0,784.0,3567,0.013607025146484375
/content/brain_tumor_mat/1058.mat,1058,2,107505,512,512,0.0,790.0,1665,0.006351470947265625
/content/brain_tumor_mat/1059.mat,1059,2,107743,512,512,0.0,575.0,3652,0.0139312744140625
/content/brain_tumor_mat/1060.mat,1060,2,107743,512,512,0.0,564.0,3619,0.013805389404296875
/content/brain_tumor_mat/1061.mat,1061,2,107743,512,512,0.0,559.0,1709,0.006519317626953125
/content/brain_tumor_mat/1062.mat,1062,2,107743,512,512,0.0,538.0,2459,0.009380340576171875
/content/brain_tumor_mat/1063.mat,1063,2,107743,512,512,0.0,542.0,2639,0.010066986083984375
/content/brain_tumor_mat/1064.mat,1064,2,107743,512,512,0.0,547.0,498,0.00189971923828125
/content/brain_tumor_mat/1065.mat,1065,2,108858,512,512,0.0,663.0,1834,0.00699615478515625
/content/brain_tumor_mat/1066.mat,1066,2,108858,512,512,0.0,599.0,1894,0.00722503662109375
/content/brain_tumor_mat/1067.mat,1067,2,108858,512,512,0.0,629.0,1832,0.006988525390625
/content/brain_tumor_mat/1068.mat,1068,2,108858,512,512,0.0,674.0,951,0.003627777099609375
/content/brain_tumor_mat/1069.mat,1069,2,108858,512,512,0.0,721.0,1614,0.00615692138671875
/content/brain_tumor_mat/1070.mat,1070,2,108931,256,256,0.0,281.0,285,0.0043487548828125
/content/brain_tumor_mat/1071.mat,1071,2,108931,256,256,0.0,277.0,330,0.005035400390625
/content/brain_tumor_mat/1072.mat,1072,2,108931,256,256,0.0,267.0,341,0.0052032470703125
/content/brain_tumor_mat/1073.mat,1073,2,108931,256,256,0.0,256.0,362,0.005523681640625
/content/brain_tumor_mat/1074.mat,1074,2,108931,256,256,0.0,297.0,1496,0.0228271484375
/content/brain_tumor_mat/1075.mat,1075,2,108931,256,256,0.0,305.0,1770,0.027008056640625
/content/brain_tumor_mat/1076.mat,1076,2,108931,256,256,0.0,296.0,1917,0.0292510986328125
/content/brain_tumor_mat/1077.mat,1077,2,109471,512,512,0.0,2718.0,1333,0.005084991455078125
/content/brain_tumor_mat/1078.mat,1078,2,109471,512,512,0.0,2388.0,3952,0.01507568359375
/content/brain_tumor_mat/1079.mat,1079,2,109471,512,512,0.0,2417.0,4198,0.01601409912109375
/content/brain_tumor_mat/1080.mat,1080,2,109471,512,512,0.0,2860.0,4734,0.01805877685546875
/content/brain_tumor_mat/1081.mat,1081,2,109471,512,512,0.0,2682.0,4828,0.0184173583984375
/content/brain_tumor_mat/1082.mat,1082,2,109471,512,512,0.0,2433.0,1009,0.003849029541015625
/content/brain_tumor_mat/1083.mat,1083,2,109769,512,512,0.0,676.0,1994,0.00760650634765625
/content/brain_tumor_mat/1084.mat,1084,2,109769,512,512,0.0,658.0,1331,0.005077362060546875
/content/brain_tumor_mat/1085.mat,1085,2,109769,512,512,0.0,669.0,1851,0.007061004638671875
/content/brain_tumor_mat/1086.mat,1086,2,109769,512,512,0.0,631.0,959,0.003658294677734375
/content/brain_tumor_mat/1087.mat,1087,2,109769,512,512,0.0,791.0,4563,0.017406463623046875
/content/brain_tumor_mat/1088.mat,1088,2,109898,512,512,0.0,601.0,3816,0.014556884765625
/content/brain_tumor_mat/1089.mat,1089,2,109898,512,512,0.0,549.0,4128,0.0157470703125
/content/brain_tumor_mat/1090.mat,1090,2,109898,512,512,0.0,567.0,4345,0.016574859619140625
/content/brain_tumor_mat/1091.mat,1091,2,109898,512,512,0.0,520.0,4315,0.016460418701171875
/content/brain_tumor_mat/1092.mat,1092,2,109898,512,512,0.0,556.0,2820,0.0107574462890625
/content/brain_tumor_mat/1093.mat,1093,2,109898,512,512,0.0,546.0,2022,0.00771331787109375
/content/brain_tumor_mat/1094.mat,1094,2,110518,512,512,0.0,2055.0,1508,0.0057525634765625
/content/brain_tumor_mat/1095.mat,1095,2,110518,512,512,0.0,2154.0,1912,0.007293701171875
/content/brain_tumor_mat/1096.mat,1096,2,110518,512,512,0.0,2094.0,1954,0.00745391845703125
/content/brain_tumor_mat/1097.mat,1097,2,110518,512,512,0.0,1970.0,1338,0.00510406494140625
/content/brain_tumor_mat/1098.mat,1098,2,110518,512,512,0.0,2069.0,1579,0.006023406982421875
/content/brain_tumor_mat/1099.mat,1099,2,110518,512,512,0.0,2161.0,4607,0.017574310302734375
/content/brain_tumor_mat/1100.mat,1100,2,110537,512,512,0.0,2445.0,996,0.0037994384765625
/content/brain_tumor_mat/1101.mat,1101,2,110537,512,512,0.0,2237.0,873,0.003330230712890625
/content/brain_tumor_mat/1102.mat,1102,2,110537,512,512,0.0,2161.0,1313,0.005008697509765625
/content/brain_tumor_mat/1103.mat,1103,2,110537,512,512,0.0,2179.0,3576,0.013641357421875
/content/brain_tumor_mat/1104.mat,1104,2,110537,512,512,0.0,2340.0,6302,0.02404022216796875
/content/brain_tumor_mat/1105.mat,1105,2,110537,512,512,0.0,2336.0,7021,0.026782989501953125
/content/brain_tumor_mat/1106.mat,1106,2,110537,512,512,0.0,2344.0,6083,0.023204803466796875
/content/brain_tumor_mat/1107.mat,1107,2,110993,512,512,0.0,1892.0,1653,0.006305694580078125
/content/brain_tumor_mat/1108.mat,1108,2,110993,512,512,0.0,2111.0,1552,0.00592041015625
/content/brain_tumor_mat/1109.mat,1109,2,110993,512,512,0.0,2102.0,1698,0.00647735595703125
/content/brain_tumor_mat/1110.mat,1110,2,110993,512,512,0.0,2127.0,1989,0.007587432861328125
/content/brain_tumor_mat/1111.mat,1111,2,110993,512,512,0.0,2394.0,2171,0.008281707763671875
/content/brain_tumor_mat/1112.mat,1112,2,111075,512,512,0.0,661.0,2314,0.00882720947265625
/content/brain_tumor_mat/1113.mat,1113,2,111075,512,512,0.0,611.0,1724,0.0065765380859375
/content/brain_tumor_mat/1114.mat,1114,2,111075,512,512,0.0,612.0,2713,0.010349273681640625
/content/brain_tumor_mat/1115.mat,1115,2,111075,512,512,0.0,671.0,539,0.002056121826171875
/content/brain_tumor_mat/1116.mat,1116,2,111075,512,512,0.0,651.0,1053,0.004016876220703125
/content/brain_tumor_mat/1117.mat,1117,2,111075,512,512,0.0,777.0,589,0.002246856689453125
/content/brain_tumor_mat/1118.mat,1118,2,111125,512,512,0.0,626.0,1794,0.00684356689453125
/content/brain_tumor_mat/1119.mat,1119,2,111125,512,512,0.0,643.0,2354,0.00897979736328125
/content/brain_tumor_mat/1120.mat,1120,2,111125,512,512,0.0,729.0,2324,0.0088653564453125
/content/brain_tumor_mat/1121.mat,1121,2,111125,512,512,0.0,704.0,739,0.002819061279296875
/content/brain_tumor_mat/1122.mat,1122,2,111125,512,512,0.0,748.0,2592,0.0098876953125
/content/brain_tumor_mat/1123.mat,1123,2,111125,512,512,0.0,660.0,2131,0.008129119873046875
/content/brain_tumor_mat/1124.mat,1124,2,111785,512,512,0.0,721.0,2360,0.009002685546875
/content/brain_tumor_mat/1125.mat,1125,2,111785,512,512,0.0,694.0,2641,0.010074615478515625
/content/brain_tumor_mat/1126.mat,1126,2,111785,512,512,0.0,699.0,2264,0.008636474609375
/content/brain_tumor_mat/1127.mat,1127,2,111785,512,512,0.0,697.0,2081,0.007938385009765625
/content/brain_tumor_mat/1128.mat,1128,2,111785,512,512,0.0,672.0,2000,0.00762939453125
/content/brain_tumor_mat/1129.mat,1129,2,112074,512,512,0.0,992.0,2296,0.008758544921875
/content/brain_tumor_mat/1130.mat,1130,2,112074,512,512,0.0,943.0,3540,0.0135040283203125
/content/brain_tumor_mat/1131.mat,1131,2,112074,512,512,0.0,933.0,3970,0.01514434814453125
/content/brain_tumor_mat/1132.mat,1132,2,112074,512,512,0.0,1008.0,2907,0.011089324951171875
/content/brain_tumor_mat/1133.mat,1133,2,112074,512,512,0.0,1036.0,2497,0.009525299072265625
/content/brain_tumor_mat/1134.mat,1134,2,112649,512,512,0.0,608.0,1421,0.005420684814453125
/content/brain_tumor_mat/1135.mat,1135,2,112649,512,512,0.0,661.0,1799,0.006862640380859375
/content/brain_tumor_mat/1136.mat,1136,2,112649,512,512,0.0,670.0,2011,0.007671356201171875
/content/brain_tumor_mat/1137.mat,1137,2,112649,512,512,0.0,733.0,2220,0.0084686279296875
/content/brain_tumor_mat/1138.mat,1138,2,112649,512,512,0.0,682.0,1241,0.004734039306640625
/content/brain_tumor_mat/1139.mat,1139,2,112649,512,512,0.0,689.0,1532,0.0058441162109375
/content/brain_tumor_mat/1140.mat,1140,2,112746,512,512,0.0,2208.0,1791,0.006832122802734375
/content/brain_tumor_mat/1141.mat,1141,2,112746,512,512,0.0,2275.0,1966,0.00749969482421875
/content/brain_tumor_mat/1142.mat,1142,2,112746,512,512,0.0,2316.0,1373,0.005237579345703125
/content/brain_tumor_mat/1143.mat,1143,2,112746,512,512,0.0,2405.0,2788,0.0106353759765625
/content/brain_tumor_mat/1144.mat,1144,2,112847,512,512,0.0,2783.0,1759,0.006710052490234375
/content/brain_tumor_mat/1145.mat,1145,2,112847,512,512,0.0,2613.0,2163,0.008251190185546875
/content/brain_tumor_mat/1146.mat,1146,2,112847,512,512,0.0,2730.0,2170,0.00827789306640625
/content/brain_tumor_mat/1147.mat,1147,2,112847,512,512,0.0,2638.0,1763,0.006725311279296875
/content/brain_tumor_mat/1148.mat,1148,2,113274,512,512,0.0,2500.0,1554,0.00592803955078125
/content/brain_tumor_mat/1149.mat,1149,2,113274,512,512,0.0,2719.0,1511,0.005764007568359375
/content/brain_tumor_mat/1150.mat,1150,2,113274,512,512,0.0,2492.0,1052,0.0040130615234375
/content/brain_tumor_mat/1151.mat,1151,2,113741,512,512,0.0,656.0,1075,0.004100799560546875
/content/brain_tumor_mat/1152.mat,1152,2,113741,512,512,0.0,708.0,1078,0.00411224365234375
/content/brain_tumor_mat/1153.mat,1153,2,113741,512,512,0.0,673.0,1948,0.0074310302734375
/content/brain_tumor_mat/1154.mat,1154,2,114040,512,512,0.0,594.0,1855,0.007076263427734375
/content/brain_tumor_mat/1155.mat,1155,2,114040,512,512,0.0,786.0,1831,0.006984710693359375
/content/brain_tumor_mat/1156.mat,1156,2,114040,512,512,0.0,689.0,1880,0.007171630859375
/content/brain_tumor_mat/1157.mat,1157,2,114361,512,512,0.0,3070.0,2545,0.009708404541015625
/content/brain_tumor_mat/1158.mat,1158,2,114361,512,512,0.0,2558.0,4289,0.016361236572265625
/content/brain_tumor_mat/1159.mat,1159,2,114361,512,512,0.0,2871.0,4177,0.015933990478515625
/content/brain_tumor_mat/1160.mat,1160,2,114361,512,512,0.0,2827.0,2548,0.0097198486328125
/content/brain_tumor_mat/1161.mat,1161,2,114094,512,512,0.0,1627.0,3201,0.012210845947265625
/content/brain_tumor_mat/1162.mat,1162,2,114094,512,512,0.0,1531.0,4047,0.015438079833984375
/content/brain_tumor_mat/1163.mat,1163,2,114094,512,512,0.0,1558.0,4380,0.0167083740234375
/content/brain_tumor_mat/1164.mat,1164,2,114094,512,512,0.0,1611.0,6072,0.023162841796875
/content/brain_tumor_mat/1165.mat,1165,2,114094,512,512,0.0,1622.0,5292,0.0201873779296875
/content/brain_tumor_mat/1166.mat,1166,2,105936,512,512,0.0,745.0,1213,0.004627227783203125
/content/brain_tumor_mat/1167.mat,1167,2,105936,512,512,0.0,890.0,1204,0.0045928955078125
/content/brain_tumor_mat/1168.mat,1168,2,105936,512,512,0.0,1012.0,1073,0.004093170166015625
/content/brain_tumor_mat/1169.mat,1169,2,106062,512,512,0.0,866.0,3637,0.013874053955078125
/content/brain_tumor_mat/1170.mat,1170,2,106062,512,512,0.0,854.0,4301,0.016407012939453125
/content/brain_tumor_mat/1171.mat,1171,2,106062,512,512,0.0,859.0,5152,0.0196533203125
/content/brain_tumor_mat/1172.mat,1172,2,106062,512,512,0.0,782.0,5111,0.019496917724609375
/content/brain_tumor_mat/1173.mat,1173,2,106062,512,512,0.0,813.0,4883,0.018627166748046875
/content/brain_tumor_mat/1174.mat,1174,2,106062,512,512,0.0,835.0,4303,0.016414642333984375
/content/brain_tumor_mat/1175.mat,1175,2,106062,512,512,0.0,803.0,2273,0.008670806884765625
/content/brain_tumor_mat/1176.mat,1176,2,107495,512,512,0.0,748.0,891,0.003398895263671875
/content/brain_tumor_mat/1177.mat,1177,2,107495,512,512,0.0,746.0,2285,0.008716583251953125
/content/brain_tumor_mat/1178.mat,1178,2,107495,512,512,0.0,843.0,2688,0.01025390625
/content/brain_tumor_mat/1179.mat,1179,2,107495,512,512,0.0,850.0,2504,0.009552001953125
/content/brain_tumor_mat/1180.mat,1180,2,107495,512,512,0.0,828.0,1866,0.00711822509765625
/content/brain_tumor_mat/1181.mat,1181,2,107495,512,512,0.0,1006.0,1074,0.00409698486328125
/content/brain_tumor_mat/1182.mat,1182,2,107429,512,512,0.0,2303.0,1893,0.007221221923828125
/content/brain_tumor_mat/1183.mat,1183,2,107429,512,512,0.0,2246.0,3970,0.01514434814453125
/content/brain_tumor_mat/1184.mat,1184,2,107429,512,512,0.0,2410.0,4509,0.017200469970703125
/content/brain_tumor_mat/1185.mat,1185,2,107429,512,512,0.0,2237.0,5228,0.0199432373046875
/content/brain_tumor_mat/1186.mat,1186,2,107429,512,512,0.0,2306.0,5531,0.021099090576171875
/content/brain_tumor_mat/1187.mat,1187,2,107429,512,512,0.0,2341.0,5089,0.019412994384765625
/content/brain_tumor_mat/1188.mat,1188,2,107429,512,512,0.0,2462.0,4264,0.016265869140625
/content/brain_tumor_mat/1189.mat,1189,2,107505,512,512,0.0,834.0,1222,0.00466156005859375
/content/brain_tumor_mat/1190.mat,1190,2,107505,512,512,0.0,853.0,3097,0.011814117431640625
/content/brain_tumor_mat/1191.mat,1191,2,107505,512,512,0.0,904.0,2306,0.00879669189453125
/content/brain_tumor_mat/1192.mat,1192,2,107505,512,512,0.0,826.0,2420,0.0092315673828125
/content/brain_tumor_mat/1193.mat,1193,2,107505,512,512,0.0,868.0,2159,0.008235931396484375
/content/brain_tumor_mat/1194.mat,1194,2,107743,512,512,0.0,750.0,1359,0.005184173583984375
/content/brain_tumor_mat/1195.mat,1195,2,107743,512,512,0.0,766.0,1511,0.005764007568359375
/content/brain_tumor_mat/1196.mat,1196,2,107743,512,512,0.0,797.0,1699,0.006481170654296875
/content/brain_tumor_mat/1197.mat,1197,2,107743,512,512,0.0,796.0,1647,0.006282806396484375
/content/brain_tumor_mat/1198.mat,1198,2,108858,512,512,0.0,775.0,851,0.003246307373046875
/content/brain_tumor_mat/1199.mat,1199,2,108858,512,512,0.0,789.0,1125,0.004291534423828125
/content/brain_tumor_mat/1200.mat,1200,2,108858,512,512,0.0,785.0,1408,0.00537109375
/content/brain_tumor_mat/1201.mat,1201,2,108858,512,512,0.0,790.0,1186,0.00452423095703125
/content/brain_tumor_mat/1202.mat,1202,2,108858,512,512,0.0,801.0,1103,0.004207611083984375
/content/brain_tumor_mat/1203.mat,1203,2,108931,256,256,0.0,238.0,229,0.0034942626953125
/content/brain_tumor_mat/1204.mat,1204,2,108931,256,256,0.0,242.0,246,0.003753662109375
/content/brain_tumor_mat/1205.mat,1205,2,108931,256,256,0.0,246.0,236,0.00360107421875
/content/brain_tumor_mat/1206.mat,1206,2,108931,256,256,0.0,241.0,184,0.0028076171875
/content/brain_tumor_mat/1207.mat,1207,2,108931,256,256,0.0,261.0,163,0.0024871826171875
/content/brain_tumor_mat/1208.mat,1208,2,109471,512,512,0.0,2336.0,1335,0.005092620849609375
/content/brain_tumor_mat/1209.mat,1209,2,109471,512,512,0.0,2308.0,3555,0.013561248779296875
/content/brain_tumor_mat/1210.mat,1210,2,109471,512,512,0.0,2280.0,3683,0.014049530029296875
/content/brain_tumor_mat/1211.mat,1211,2,109471,512,512,0.0,2419.0,3735,0.014247894287109375
/content/brain_tumor_mat/1212.mat,1212,2,109471,512,512,0.0,2354.0,3452,0.0131683349609375
/content/brain_tumor_mat/1213.mat,1213,2,109471,512,512,0.0,2263.0,3047,0.011623382568359375
/content/brain_tumor_mat/1214.mat,1214,2,109769,512,512,0.0,811.0,1184,0.0045166015625
/content/brain_tumor_mat/1215.mat,1215,2,109769,512,512,0.0,843.0,932,0.0035552978515625
/content/brain_tumor_mat/1216.mat,1216,2,109769,512,512,0.0,843.0,1450,0.00553131103515625
/content/brain_tumor_mat/1217.mat,1217,2,109769,512,512,0.0,792.0,1224,0.004669189453125
/content/brain_tumor_mat/1218.mat,1218,2,109769,512,512,0.0,853.0,735,0.002803802490234375
/content/brain_tumor_mat/1219.mat,1219,2,109898,512,512,0.0,844.0,1827,0.006969451904296875
/content/brain_tumor_mat/1220.mat,1220,2,109898,512,512,0.0,872.0,2013,0.007678985595703125
/content/brain_tumor_mat/1221.mat,1221,2,109898,512,512,0.0,817.0,2824,0.010772705078125
/content/brain_tumor_mat/1222.mat,1222,2,110518,512,512,0.0,2105.0,1847,0.007045745849609375
/content/brain_tumor_mat/1223.mat,1223,2,110518,512,512,0.0,2098.0,1789,0.006824493408203125
/content/brain_tumor_mat/1224.mat,1224,2,110518,512,512,0.0,2089.0,1489,0.005680084228515625
/content/brain_tumor_mat/1225.mat,1225,2,110518,512,512,0.0,2370.0,1226,0.00467681884765625
/content/brain_tumor_mat/1226.mat,1226,2,110537,512,512,0.0,2042.0,622,0.00237274169921875
/content/brain_tumor_mat/1227.mat,1227,2,110537,512,512,0.0,2240.0,709,0.002704620361328125
/content/brain_tumor_mat/1228.mat,1228,2,110537,512,512,0.0,2053.0,685,0.002613067626953125
/content/brain_tumor_mat/1229.mat,1229,2,110537,512,512,0.0,2270.0,505,0.001926422119140625
/content/brain_tumor_mat/1230.mat,1230,2,110993,512,512,0.0,2227.0,2952,0.011260986328125
/content/brain_tumor_mat/1231.mat,1231,2,110993,512,512,0.0,2205.0,884,0.0033721923828125
/content/brain_tumor_mat/1232.mat,1232,2,110993,512,512,0.0,2189.0,766,0.00292205810546875
/content/brain_tumor_mat/1233.mat,1233,2,111075,512,512,0.0,816.0,1296,0.00494384765625
/content/brain_tumor_mat/1234.mat,1234,2,111075,512,512,0.0,808.0,1009,0.003849029541015625
/content/brain_tumor_mat/1235.mat,1235,2,111075,512,512,0.0,827.0,1192,0.004547119140625
/content/brain_tumor_mat/1236.mat,1236,2,111075,512,512,0.0,848.0,1063,0.004055023193359375
/content/brain_tumor_mat/1237.mat,1237,2,111075,512,512,0.0,896.0,1042,0.00397491455078125
/content/brain_tumor_mat/1238.mat,1238,2,111125,512,512,0.0,779.0,1639,0.006252288818359375
/content/brain_tumor_mat/1239.mat,1239,2,111125,512,512,0.0,802.0,1517,0.005786895751953125
/content/brain_tumor_mat/1240.mat,1240,2,111125,512,512,0.0,777.0,1527,0.005825042724609375
/content/brain_tumor_mat/1241.mat,1241,2,111125,512,512,0.0,772.0,1480,0.005645751953125
/content/brain_tumor_mat/1242.mat,1242,2,111785,512,512,0.0,807.0,1346,0.00513458251953125
/content/brain_tumor_mat/1243.mat,1243,2,111785,512,512,0.0,1016.0,1889,0.007205963134765625
/content/brain_tumor_mat/1244.mat,1244,2,111785,512,512,0.0,1086.0,1961,0.007480621337890625
/content/brain_tumor_mat/1245.mat,1245,2,111785,512,512,0.0,845.0,1360,0.00518798828125
/content/brain_tumor_mat/1246.mat,1246,2,112074,512,512,0.0,1078.0,1615,0.006160736083984375
/content/brain_tumor_mat/1247.mat,1247,2,112074,512,512,0.0,1151.0,2731,0.010417938232421875
/content/brain_tumor_mat/1248.mat,1248,2,112074,512,512,0.0,1154.0,3118,0.01189422607421875
/content/brain_tumor_mat/1249.mat,1249,2,112074,512,512,0.0,1160.0,2841,0.010837554931640625
/content/brain_tumor_mat/1250.mat,1250,2,112074,512,512,0.0,1137.0,2077,0.007923126220703125
/content/brain_tumor_mat/1251.mat,1251,2,112649,512,512,0.0,753.0,1252,0.0047760009765625
/content/brain_tumor_mat/1252.mat,1252,2,112649,512,512,0.0,796.0,1462,0.00557708740234375
/content/brain_tumor_mat/1253.mat,1253,2,112649,512,512,0.0,877.0,1592,0.006072998046875
/content/brain_tumor_mat/1254.mat,1254,2,112649,512,512,0.0,804.0,1418,0.00540924072265625
/content/brain_tumor_mat/1255.mat,1255,2,112649,512,512,0.0,752.0,944,0.00360107421875
/content/brain_tumor_mat/1256.mat,1256,2,112746,512,512,0.0,2403.0,872,0.003326416015625
/content/brain_tumor_mat/1257.mat,1257,2,112746,512,512,0.0,2274.0,1012,0.0038604736328125
/content/brain_tumor_mat/1258.mat,1258,2,112746,512,512,0.0,2310.0,1155,0.004405975341796875
/content/brain_tumor_mat/1259.mat,1259,2,112746,512,512,0.0,2331.0,922,0.00351715087890625
/content/brain_tumor_mat/1260.mat,1260,2,112746,512,512,0.0,2810.0,1261,0.004810333251953125
/content/brain_tumor_mat/1261.mat,1261,2,112847,512,512,0.0,2703.0,1121,0.004276275634765625
/content/brain_tumor_mat/1262.mat,1262,2,112847,512,512,0.0,2792.0,1226,0.00467681884765625
/content/brain_tumor_mat/1263.mat,1263,2,112847,512,512,0.0,2996.0,1690,0.00644683837890625
/content/brain_tumor_mat/1264.mat,1264,2,112847,512,512,0.0,2961.0,1392,0.00531005859375
/content/brain_tumor_mat/1265.mat,1265,2,112847,512,512,0.0,3047.0,1039,0.003963470458984375
/content/brain_tumor_mat/1266.mat,1266,2,113274,512,512,0.0,2641.0,318,0.00121307373046875
/content/brain_tumor_mat/1267.mat,1267,2,113274,512,512,0.0,3176.0,490,0.00186920166015625
/content/brain_tumor_mat/1268.mat,1268,2,113274,512,512,0.0,3168.0,612,0.0023345947265625
/content/brain_tumor_mat/1269.mat,1269,2,113274,512,512,0.0,2976.0,709,0.002704620361328125
/content/brain_tumor_mat/1270.mat,1270,2,113741,512,512,0.0,747.0,400,0.00152587890625
/content/brain_tumor_mat/1271.mat,1271,2,113741,512,512,0.0,741.0,329,0.001255035400390625
/content/brain_tumor_mat/1272.mat,1272,2,113741,512,512,0.0,808.0,339,0.001293182373046875
/content/brain_tumor_mat/1273.mat,1273,2,114040,512,512,0.0,807.0,1365,0.005207061767578125
/content/brain_tumor_mat/1274.mat,1274,2,114040,512,512,0.0,843.0,1512,0.005767822265625
/content/brain_tumor_mat/1275.mat,1275,2,114040,512,512,0.0,764.0,1543,0.005886077880859375
/content/brain_tumor_mat/1276.mat,1276,2,114361,512,512,0.0,3082.0,3458,0.01319122314453125
/content/brain_tumor_mat/1277.mat,1277,2,114361,512,512,0.0,2948.0,3809,0.014530181884765625
/content/brain_tumor_mat/1278.mat,1278,2,114361,512,512,0.0,2964.0,3628,0.0138397216796875
/content/brain_tumor_mat/1279.mat,1279,2,114094,512,512,0.0,1580.0,5118,0.01952362060546875
/content/brain_tumor_mat/1280.mat,1280,2,114094,512,512,0.0,1619.0,6210,0.02368927001953125
/content/brain_tumor_mat/1281.mat,1281,2,114094,512,512,0.0,1679.0,5583,0.021297454833984375
/content/brain_tumor_mat/1282.mat,1282,2,114094,512,512,0.0,1662.0,3881,0.014804840087890625
/content/brain_tumor_mat/1283.mat,1283,2,101029,512,512,0.0,3475.0,1630,0.00621795654296875
/content/brain_tumor_mat/1284.mat,1284,2,101029,512,512,0.0,2683.0,1193,0.004550933837890625
/content/brain_tumor_mat/1285.mat,1285,2,101145,512,512,0.0,4566.0,546,0.00208282470703125
/content/brain_tumor_mat/1286.mat,1286,2,101145,512,512,0.0,4426.0,593,0.002262115478515625
/content/brain_tumor_mat/1287.mat,1287,2,101145,512,512,0.0,4509.0,340,0.0012969970703125
/content/brain_tumor_mat/1288.mat,1288,2,101145,512,512,0.0,4461.0,959,0.003658294677734375
/content/brain_tumor_mat/1289.mat,1289,2,101305,512,512,0.0,926.0,1052,0.0040130615234375
/content/brain_tumor_mat/1290.mat,1290,2,101305,512,512,0.0,1033.0,1082,0.00412750244140625
/content/brain_tumor_mat/1291.mat,1291,2,101305,512,512,0.0,939.0,1108,0.0042266845703125
/content/brain_tumor_mat/1292.mat,1292,2,101305,512,512,0.0,1121.0,1074,0.00409698486328125
/content/brain_tumor_mat/1293.mat,1293,2,101724,512,512,0.0,897.0,1355,0.005168914794921875
/content/brain_tumor_mat/1294.mat,1294,2,101724,512,512,0.0,924.0,1469,0.005603790283203125
/content/brain_tumor_mat/1295.mat,1295,2,102648,512,512,0.0,6886.0,1847,0.007045745849609375
/content/brain_tumor_mat/1296.mat,1296,2,102648,512,512,0.0,5840.0,2696,0.010284423828125
/content/brain_tumor_mat/1297.mat,1297,2,102648,512,512,0.0,6554.0,2454,0.00936126708984375
/content/brain_tumor_mat/1298.mat,1298,2,102648,512,512,0.0,7315.0,1818,0.00693511962890625
/content/brain_tumor_mat/1299.mat,1299,2,102648,512,512,0.0,5414.0,1254,0.00478363037109375
/content/brain_tumor_mat/1300.mat,1300,2,102648,512,512,0.0,5740.0,663,0.002529144287109375
/content/brain_tumor_mat/1301.mat,1301,2,103046,512,512,0.0,865.0,951,0.003627777099609375
/content/brain_tumor_mat/1302.mat,1302,2,103046,512,512,0.0,902.0,949,0.003620147705078125
/content/brain_tumor_mat/1303.mat,1303,2,103046,512,512,0.0,1024.0,1127,0.004299163818359375
/content/brain_tumor_mat/1304.mat,1304,2,103257,512,512,0.0,1004.0,2532,0.0096588134765625
/content/brain_tumor_mat/1305.mat,1305,2,103257,512,512,0.0,962.0,2572,0.0098114013671875
/content/brain_tumor_mat/1306.mat,1306,2,103257,512,512,0.0,989.0,1647,0.006282806396484375
/content/brain_tumor_mat/1307.mat,1307,2,103257,512,512,0.0,1021.0,1421,0.005420684814453125
/content/brain_tumor_mat/1308.mat,1308,2,103257,512,512,0.0,954.0,1685,0.006427764892578125
/content/brain_tumor_mat/1309.mat,1309,2,103257,512,512,0.0,1297.0,1244,0.0047454833984375
/content/brain_tumor_mat/1310.mat,1310,2,103478,512,512,0.0,3683.0,2615,0.009975433349609375
/content/brain_tumor_mat/1311.mat,1311,2,103478,512,512,0.0,3886.0,3055,0.011653900146484375
/content/brain_tumor_mat/1312.mat,1312,2,103478,512,512,0.0,4049.0,2384,0.00909423828125
/content/brain_tumor_mat/1313.mat,1313,2,103478,512,512,0.0,3760.0,1782,0.00679779052734375
/content/brain_tumor_mat/1314.mat,1314,2,103478,512,512,0.0,4892.0,1816,0.006927490234375
/content/brain_tumor_mat/1315.mat,1315,2,103478,512,512,0.0,4463.0,1781,0.006793975830078125
/content/brain_tumor_mat/1316.mat,1316,2,103478,512,512,0.0,4931.0,1290,0.00492095947265625
/content/brain_tumor_mat/1317.mat,1317,2,103582,512,512,0.0,3501.0,2221,0.008472442626953125
/content/brain_tumor_mat/1318.mat,1318,2,103582,512,512,0.0,3696.0,1995,0.007610321044921875
/content/brain_tumor_mat/1319.mat,1319,2,103582,512,512,0.0,3610.0,2275,0.008678436279296875
/content/brain_tumor_mat/1320.mat,1320,2,103582,512,512,0.0,3958.0,1444,0.0055084228515625
/content/brain_tumor_mat/1321.mat,1321,2,103582,512,512,0.0,3470.0,956,0.0036468505859375
/content/brain_tumor_mat/1322.mat,1322,2,103582,512,512,0.0,4231.0,733,0.002796173095703125
/content/brain_tumor_mat/1323.mat,1323,2,103670,512,512,0.0,1016.0,477,0.001819610595703125
/content/brain_tumor_mat/1324.mat,1324,2,103670,512,512,0.0,956.0,892,0.0034027099609375
/content/brain_tumor_mat/1325.mat,1325,2,103670,512,512,0.0,1026.0,670,0.00255584716796875
/content/brain_tumor_mat/1326.mat,1326,2,103671,512,512,0.0,3493.0,1589,0.006061553955078125
/content/brain_tumor_mat/1327.mat,1327,2,103671,512,512,0.0,3665.0,1270,0.00484466552734375
/content/brain_tumor_mat/1328.mat,1328,2,103671,512,512,0.0,3135.0,1424,0.00543212890625
/content/brain_tumor_mat/1329.mat,1329,2,103671,512,512,0.0,3458.0,1429,0.005451202392578125
/content/brain_tumor_mat/1330.mat,1330,2,103731,512,512,0.0,802.0,1085,0.004138946533203125
/content/brain_tumor_mat/1331.mat,1331,2,103731,512,512,0.0,859.0,973,0.003711700439453125
/content/brain_tumor_mat/1332.mat,1332,2,103731,512,512,0.0,879.0,1163,0.004436492919921875
/content/brain_tumor_mat/1333.mat,1333,2,103731,512,512,0.0,1025.0,1626,0.00620269775390625
/content/brain_tumor_mat/1334.mat,1334,2,103731,512,512,0.0,990.0,1717,0.006549835205078125
/content/brain_tumor_mat/1335.mat,1335,2,103731,512,512,0.0,1020.0,2195,0.008373260498046875
/content/brain_tumor_mat/1336.mat,1336,2,103731,512,512,0.0,986.0,2199,0.008388519287109375
/content/brain_tumor_mat/1337.mat,1337,2,103731,512,512,0.0,1022.0,1842,0.00702667236328125
/content/brain_tumor_mat/1338.mat,1338,2,103731,512,512,0.0,1027.0,1563,0.005962371826171875
/content/brain_tumor_mat/1339.mat,1339,2,103731,512,512,0.0,1099.0,1352,0.005157470703125
/content/brain_tumor_mat/1340.mat,1340,2,103837,512,512,0.0,799.0,1868,0.0071258544921875
/content/brain_tumor_mat/1341.mat,1341,2,103837,512,512,0.0,781.0,2282,0.00870513916015625
/content/brain_tumor_mat/1342.mat,1342,2,103837,512,512,0.0,771.0,2758,0.01052093505859375
/content/brain_tumor_mat/1343.mat,1343,2,103837,512,512,0.0,774.0,1613,0.006153106689453125
/content/brain_tumor_mat/1344.mat,1344,2,103837,512,512,0.0,814.0,1208,0.004608154296875
/content/brain_tumor_mat/1345.mat,1345,2,103837,512,512,0.0,803.0,1626,0.00620269775390625
/content/brain_tumor_mat/1346.mat,1346,2,103837,512,512,0.0,823.0,1027,0.003917694091796875
/content/brain_tumor_mat/1347.mat,1347,2,103837,512,512,0.0,825.0,1048,0.003997802734375
/content/brain_tumor_mat/1348.mat,1348,2,104019,512,512,0.0,3529.0,426,0.00162506103515625
/content/brain_tumor_mat/1349.mat,1349,2,104019,512,512,0.0,3486.0,639,0.002437591552734375
/content/brain_tumor_mat/1350.mat,1350,2,104019,512,512,0.0,3255.0,496,0.00189208984375
/content/brain_tumor_mat/1351.mat,1351,2,104019,512,512,0.0,3219.0,427,0.001628875732421875
/content/brain_tumor_mat/1352.mat,1352,2,104558,512,512,0.0,5978.0,3143,0.011989593505859375
/content/brain_tumor_mat/1353.mat,1353,2,104558,512,512,0.0,5398.0,4492,0.0171356201171875
/content/brain_tumor_mat/1354.mat,1354,2,104558,512,512,0.0,5027.0,5124,0.0195465087890625
/content/brain_tumor_mat/1355.mat,1355,2,104558,512,512,0.0,5907.0,5318,0.02028656005859375
/content/brain_tumor_mat/1356.mat,1356,2,104558,512,512,0.0,4908.0,5896,0.022491455078125
/content/brain_tumor_mat/1357.mat,1357,2,104558,512,512,0.0,4577.0,6620,0.0252532958984375
/content/brain_tumor_mat/1358.mat,1358,2,104558,512,512,0.0,4558.0,5808,0.02215576171875
/content/brain_tumor_mat/1359.mat,1359,2,104558,512,512,0.0,4715.0,3822,0.01457977294921875
/content/brain_tumor_mat/1360.mat,1360,2,104684,512,512,0.0,856.0,2267,0.008647918701171875
/content/brain_tumor_mat/1361.mat,1361,2,104684,512,512,0.0,889.0,3021,0.011524200439453125
/content/brain_tumor_mat/1362.mat,1362,2,104684,512,512,0.0,950.0,3278,0.01250457763671875
/content/brain_tumor_mat/1363.mat,1363,2,104684,512,512,0.0,917.0,3686,0.01406097412109375
/content/brain_tumor_mat/1364.mat,1364,2,104684,512,512,0.0,1000.0,3346,0.01276397705078125
/content/brain_tumor_mat/1365.mat,1365,2,104684,512,512,0.0,966.0,3520,0.013427734375
/content/brain_tumor_mat/1366.mat,1366,2,104684,512,512,0.0,944.0,2873,0.010959625244140625
/content/brain_tumor_mat/1367.mat,1367,2,104684,512,512,0.0,1010.0,2098,0.00800323486328125
/content/brain_tumor_mat/1368.mat,1368,2,104684,512,512,0.0,1088.0,1316,0.0050201416015625
/content/brain_tumor_mat/1369.mat,1369,2,104912,512,512,0.0,746.0,931,0.003551483154296875
/content/brain_tumor_mat/1370.mat,1370,2,104912,512,512,0.0,760.0,2349,0.008960723876953125
/content/brain_tumor_mat/1371.mat,1371,2,104912,512,512,0.0,844.0,1901,0.007251739501953125
/content/brain_tumor_mat/1372.mat,1372,2,104912,512,512,0.0,891.0,1383,0.005275726318359375
/content/brain_tumor_mat/1373.mat,1373,2,104912,512,512,0.0,1019.0,1355,0.005168914794921875
/content/brain_tumor_mat/1374.mat,1374,2,105187,512,512,0.0,5337.0,1009,0.003849029541015625
/content/brain_tumor_mat/1375.mat,1375,2,105187,512,512,0.0,5224.0,1210,0.00461578369140625
/content/brain_tumor_mat/1376.mat,1376,2,105187,512,512,0.0,5233.0,793,0.003025054931640625
/content/brain_tumor_mat/1377.mat,1377,2,105187,512,512,0.0,5567.0,521,0.001987457275390625
/content/brain_tumor_mat/1378.mat,1378,2,105475,512,512,0.0,3850.0,821,0.003131866455078125
/content/brain_tumor_mat/1379.mat,1379,2,105475,512,512,0.0,3586.0,574,0.00218963623046875
/content/brain_tumor_mat/1380.mat,1380,2,105538,512,512,0.0,3315.0,2729,0.010410308837890625
/content/brain_tumor_mat/1381.mat,1381,2,105538,512,512,0.0,3474.0,829,0.003162384033203125
/content/brain_tumor_mat/1382.mat,1382,2,105538,512,512,0.0,3319.0,843,0.003215789794921875
/content/brain_tumor_mat/1383.mat,1383,2,105638,512,512,0.0,844.0,980,0.0037384033203125
/content/brain_tumor_mat/1384.mat,1384,2,105638,512,512,0.0,910.0,1310,0.00499725341796875
/content/brain_tumor_mat/1385.mat,1385,2,105638,512,512,0.0,866.0,1029,0.003925323486328125
/content/brain_tumor_mat/1386.mat,1386,2,97416,512,512,0.0,3634.0,1032,0.003936767578125
/content/brain_tumor_mat/1387.mat,1387,2,97416,512,512,0.0,3923.0,1339,0.005107879638671875
/content/brain_tumor_mat/1388.mat,1388,2,97416,512,512,0.0,3378.0,2065,0.007877349853515625
/content/brain_tumor_mat/1389.mat,1389,2,97416,512,512,0.0,3310.0,1403,0.005352020263671875
/content/brain_tumor_mat/1390.mat,1390,2,97416,512,512,0.0,3373.0,2906,0.01108551025390625
/content/brain_tumor_mat/1391.mat,1391,2,97416,512,512,0.0,3752.0,2699,0.010295867919921875
/content/brain_tumor_mat/1392.mat,1392,2,97416,512,512,0.0,3347.0,2132,0.0081329345703125
/content/brain_tumor_mat/1393.mat,1393,2,97416,512,512,0.0,3091.0,1418,0.00540924072265625
/content/brain_tumor_mat/1394.mat,1394,2,97416,512,512,0.0,3177.0,930,0.00354766845703125
/content/brain_tumor_mat/1395.mat,1395,2,97461,512,512,0.0,3214.0,1573,0.006000518798828125
/content/brain_tumor_mat/1396.mat,1396,2,97461,512,512,0.0,3071.0,2180,0.0083160400390625
/content/brain_tumor_mat/1397.mat,1397,2,97461,512,512,0.0,3700.0,4146,0.01581573486328125
/content/brain_tumor_mat/1398.mat,1398,2,97461,512,512,0.0,4073.0,4058,0.01548004150390625
/content/brain_tumor_mat/1399.mat,1399,2,97461,512,512,0.0,4392.0,3737,0.014255523681640625
/content/brain_tumor_mat/1400.mat,1400,2,97461,512,512,0.0,3775.0,2714,0.01035308837890625
/content/brain_tumor_mat/1401.mat,1401,2,97461,512,512,0.0,3358.0,2133,0.008136749267578125
/content/brain_tumor_mat/1402.mat,1402,2,97461,512,512,0.0,3332.0,1511,0.005764007568359375
/content/brain_tumor_mat/1403.mat,1403,2,97461,512,512,0.0,3641.0,930,0.00354766845703125
/content/brain_tumor_mat/1404.mat,1404,2,97481,512,512,0.0,3130.0,1862,0.00710296630859375
/content/brain_tumor_mat/1405.mat,1405,2,97481,512,512,0.0,3273.0,1431,0.005458831787109375
/content/brain_tumor_mat/1406.mat,1406,2,97481,512,512,0.0,3424.0,1181,0.004505157470703125
/content/brain_tumor_mat/1407.mat,1407,2,97481,512,512,0.0,3263.0,1045,0.003986358642578125
/content/brain_tumor_mat/1408.mat,1408,2,97599,512,512,0.0,3074.0,409,0.001560211181640625
/content/brain_tumor_mat/1409.mat,1409,2,97599,512,512,0.0,3232.0,706,0.00269317626953125
/content/brain_tumor_mat/1410.mat,1410,2,97890,512,512,0.0,3827.0,1242,0.00473785400390625
/content/brain_tumor_mat/1411.mat,1411,2,97890,512,512,0.0,3946.0,1130,0.00431060791015625
/content/brain_tumor_mat/1412.mat,1412,2,97890,512,512,0.0,3190.0,808,0.003082275390625
/content/brain_tumor_mat/1413.mat,1413,2,97890,512,512,0.0,3312.0,383,0.001461029052734375
/content/brain_tumor_mat/1414.mat,1414,2,98472,512,512,0.0,1094.0,1284,0.0048980712890625
/content/brain_tumor_mat/1415.mat,1415,2,98472,512,512,0.0,1174.0,1772,0.0067596435546875
/content/brain_tumor_mat/1416.mat,1416,2,98472,512,512,0.0,1187.0,1119,0.004268646240234375
/content/brain_tumor_mat/1417.mat,1417,2,98472,512,512,0.0,1153.0,1117,0.004261016845703125
/content/brain_tumor_mat/1418.mat,1418,2,98472,512,512,0.0,1176.0,1331,0.005077362060546875
/content/brain_tumor_mat/1419.mat,1419,2,98472,512,512,0.0,1122.0,1188,0.0045318603515625
/content/brain_tumor_mat/1420.mat,1420,2,98472,512,512,0.0,1151.0,953,0.003635406494140625
/content/brain_tumor_mat/1421.mat,1421,2,98652,512,512,0.0,993.0,1027,0.003917694091796875
/content/brain_tumor_mat/1422.mat,1422,2,98652,512,512,0.0,1069.0,1180,0.0045013427734375
/content/brain_tumor_mat/1423.mat,1423,2,98652,512,512,0.0,970.0,1105,0.004215240478515625
/content/brain_tumor_mat/1424.mat,1424,2,98871,512,512,0.0,4954.0,1724,0.0065765380859375
/content/brain_tumor_mat/1425.mat,1425,2,98871,512,512,0.0,5130.0,1919,0.007320404052734375
/content/brain_tumor_mat/1426.mat,1426,2,98871,512,512,0.0,4299.0,1731,0.006603240966796875
/content/brain_tumor_mat/1427.mat,1427,2,98871,512,512,0.0,4752.0,1864,0.007110595703125
/content/brain_tumor_mat/1428.mat,1428,2,98871,512,512,0.0,4272.0,1863,0.007106781005859375
/content/brain_tumor_mat/1429.mat,1429,2,98871,512,512,0.0,4343.0,1207,0.004604339599609375
/content/brain_tumor_mat/1430.mat,1430,2,98874,512,512,0.0,4526.0,1584,0.00604248046875
/content/brain_tumor_mat/1431.mat,1431,2,98874,512,512,0.0,4649.0,1652,0.0063018798828125
/content/brain_tumor_mat/1432.mat,1432,2,98874,512,512,0.0,4521.0,943,0.003597259521484375
/content/brain_tumor_mat/1433.mat,1433,2,98874,512,512,0.0,4521.0,1241,0.004734039306640625
/content/brain_tumor_mat/1434.mat,1434,2,98874,512,512,0.0,4629.0,833,0.003177642822265625
/content/brain_tumor_mat/1435.mat,1435,2,98992,512,512,0.0,3917.0,3071,0.011714935302734375
/content/brain_tumor_mat/1436.mat,1436,2,98992,512,512,0.0,3752.0,3940,0.0150299072265625
/content/brain_tumor_mat/1437.mat,1437,2,98992,512,512,0.0,3751.0,3192,0.012176513671875
/content/brain_tumor_mat/1438.mat,1438,2,98992,512,512,0.0,3845.0,2860,0.0109100341796875
/content/brain_tumor_mat/1439.mat,1439,2,98992,512,512,0.0,4066.0,3740,0.0142669677734375
/content/brain_tumor_mat/1440.mat,1440,2,98992,512,512,0.0,4039.0,2631,0.010036468505859375
/content/brain_tumor_mat/1441.mat,1441,2,98992,512,512,0.0,4163.0,823,0.003139495849609375
/content/brain_tumor_mat/1442.mat,1442,2,98995,512,512,0.0,993.0,2231,0.008510589599609375
/content/brain_tumor_mat/1443.mat,1443,2,98995,512,512,0.0,1062.0,2720,0.0103759765625
/content/brain_tumor_mat/1444.mat,1444,2,98995,512,512,0.0,1056.0,2320,0.00885009765625
/content/brain_tumor_mat/1445.mat,1445,2,98995,512,512,0.0,1088.0,2634,0.01004791259765625
/content/brain_tumor_mat/1446.mat,1446,2,98995,512,512,0.0,1151.0,1990,0.00759124755859375
/content/brain_tumor_mat/1447.mat,1447,2,99223,512,512,0.0,3673.0,782,0.00298309326171875
/content/brain_tumor_mat/1448.mat,1448,2,99223,512,512,0.0,4827.0,1521,0.005802154541015625
/content/brain_tumor_mat/1449.mat,1449,2,99223,512,512,0.0,3686.0,1703,0.006496429443359375
/content/brain_tumor_mat/1450.mat,1450,2,99223,512,512,0.0,4174.0,1857,0.007083892822265625
/content/brain_tumor_mat/1451.mat,1451,2,99223,512,512,0.0,3683.0,1927,0.007350921630859375
/content/brain_tumor_mat/1452.mat,1452,2,99223,512,512,0.0,4184.0,1918,0.00731658935546875
/content/brain_tumor_mat/1453.mat,1453,2,99223,512,512,0.0,4448.0,1335,0.005092620849609375
/content/brain_tumor_mat/1454.mat,1454,2,99223,512,512,0.0,3542.0,1196,0.0045623779296875
/content/brain_tumor_mat/1455.mat,1455,2,99223,512,512,0.0,3448.0,986,0.00376129150390625
/content/brain_tumor_mat/1456.mat,1456,2,101017,512,512,0.0,1168.0,1394,0.00531768798828125
/content/brain_tumor_mat/1457.mat,1457,2,101017,512,512,0.0,1138.0,1684,0.0064239501953125
/content/brain_tumor_mat/1458.mat,1458,2,101017,512,512,0.0,1045.0,1801,0.006870269775390625
/content/brain_tumor_mat/1459.mat,1459,2,101017,512,512,0.0,1005.0,2066,0.00788116455078125
/content/brain_tumor_mat/1460.mat,1460,2,101017,512,512,0.0,947.0,2159,0.008235931396484375
/content/brain_tumor_mat/1461.mat,1461,2,101017,512,512,0.0,1138.0,2414,0.00920867919921875
/content/brain_tumor_mat/1462.mat,1462,2,101029,512,512,0.0,1129.0,2328,0.008880615234375
/content/brain_tumor_mat/1463.mat,1463,2,101029,512,512,0.0,1097.0,3337,0.012729644775390625
/content/brain_tumor_mat/1464.mat,1464,2,101029,512,512,0.0,1189.0,3584,0.013671875
/content/brain_tumor_mat/1465.mat,1465,2,101029,512,512,0.0,980.0,3638,0.01387786865234375
/content/brain_tumor_mat/1466.mat,1466,2,101029,512,512,0.0,1411.0,2975,0.011348724365234375
/content/brain_tumor_mat/1467.mat,1467,2,101029,512,512,0.0,1320.0,2205,0.008411407470703125
/content/brain_tumor_mat/1468.mat,1468,2,101145,512,512,0.0,3020.0,1401,0.005344390869140625
/content/brain_tumor_mat/1469.mat,1469,2,101145,512,512,0.0,2789.0,706,0.00269317626953125
/content/brain_tumor_mat/1470.mat,1470,2,101145,512,512,0.0,2764.0,681,0.002597808837890625
/content/brain_tumor_mat/1471.mat,1471,2,101145,512,512,0.0,2579.0,456,0.001739501953125
/content/brain_tumor_mat/1472.mat,1472,2,101305,512,512,0.0,801.0,728,0.002777099609375
/content/brain_tumor_mat/1473.mat,1473,2,101305,512,512,0.0,1050.0,774,0.00295257568359375
/content/brain_tumor_mat/1474.mat,1474,2,101305,512,512,0.0,743.0,642,0.00244903564453125
/content/brain_tumor_mat/1475.mat,1475,2,101305,512,512,0.0,760.0,407,0.001552581787109375
/content/brain_tumor_mat/1476.mat,1476,2,101305,512,512,0.0,758.0,691,0.002635955810546875
/content/brain_tumor_mat/1477.mat,1477,2,101305,512,512,0.0,812.0,832,0.003173828125
/content/brain_tumor_mat/1478.mat,1478,2,101305,512,512,0.0,600.0,666,0.00254058837890625
/content/brain_tumor_mat/1479.mat,1479,2,101305,512,512,0.0,594.0,470,0.00179290771484375
/content/brain_tumor_mat/1480.mat,1480,2,101724,512,512,0.0,617.0,1408,0.00537109375
/content/brain_tumor_mat/1481.mat,1481,2,101724,512,512,0.0,608.0,1522,0.00580596923828125
/content/brain_tumor_mat/1482.mat,1482,2,101724,512,512,0.0,659.0,1800,0.006866455078125
/content/brain_tumor_mat/1483.mat,1483,2,102648,512,512,0.0,4399.0,2059,0.007854461669921875
/content/brain_tumor_mat/1484.mat,1484,2,102648,512,512,0.0,4646.0,1947,0.007427215576171875
/content/brain_tumor_mat/1485.mat,1485,2,102648,512,512,0.0,4875.0,1936,0.00738525390625
/content/brain_tumor_mat/1486.mat,1486,2,102648,512,512,0.0,4886.0,1642,0.00626373291015625
/content/brain_tumor_mat/1487.mat,1487,2,102669,512,512,0.0,1672.0,453,0.001728057861328125
/content/brain_tumor_mat/1488.mat,1488,2,102669,512,512,0.0,1795.0,773,0.002948760986328125
/content/brain_tumor_mat/1489.mat,1489,2,103046,512,512,0.0,621.0,778,0.00296783447265625
/content/brain_tumor_mat/1490.mat,1490,2,103046,512,512,0.0,586.0,1532,0.0058441162109375
/content/brain_tumor_mat/1491.mat,1491,2,103046,512,512,0.0,600.0,790,0.00301361083984375
/content/brain_tumor_mat/1492.mat,1492,2,103046,512,512,0.0,590.0,719,0.002742767333984375
/content/brain_tumor_mat/1493.mat,1493,2,103257,512,512,0.0,722.0,2033,0.007755279541015625
/content/brain_tumor_mat/1494.mat,1494,2,103257,512,512,0.0,703.0,2395,0.009136199951171875
/content/brain_tumor_mat/1495.mat,1495,2,103257,512,512,0.0,650.0,3364,0.0128326416015625
/content/brain_tumor_mat/1496.mat,1496,2,103257,512,512,0.0,649.0,3480,0.013275146484375
/content/brain_tumor_mat/1497.mat,1497,2,103257,512,512,0.0,635.0,3332,0.0127105712890625
/content/brain_tumor_mat/1498.mat,1498,2,103478,512,512,0.0,2427.0,1916,0.0073089599609375
/content/brain_tumor_mat/1499.mat,1499,2,103478,512,512,0.0,2372.0,2868,0.0109405517578125
/content/brain_tumor_mat/1500.mat,1500,2,103478,512,512,0.0,2388.0,3581,0.013660430908203125
/content/brain_tumor_mat/1501.mat,1501,2,103478,512,512,0.0,2559.0,4000,0.0152587890625
/content/brain_tumor_mat/1502.mat,1502,2,103478,512,512,0.0,2430.0,4372,0.0166778564453125
/content/brain_tumor_mat/1503.mat,1503,2,103478,512,512,0.0,2603.0,4264,0.016265869140625
/content/brain_tumor_mat/1504.mat,1504,2,103478,512,512,0.0,2606.0,3388,0.0129241943359375
/content/brain_tumor_mat/1505.mat,1505,2,103478,512,512,0.0,2795.0,3633,0.013858795166015625
/content/brain_tumor_mat/1506.mat,1506,2,103582,512,512,0.0,2428.0,2494,0.00951385498046875
/content/brain_tumor_mat/1507.mat,1507,2,103582,512,512,0.0,2379.0,3374,0.01287078857421875
/content/brain_tumor_mat/1508.mat,1508,2,103582,512,512,0.0,2468.0,3124,0.0119171142578125
/content/brain_tumor_mat/1509.mat,1509,2,103582,512,512,0.0,2365.0,2990,0.01140594482421875
/content/brain_tumor_mat/1510.mat,1510,2,103582,512,512,0.0,2407.0,2235,0.008525848388671875
/content/brain_tumor_mat/1511.mat,1511,2,103670,512,512,0.0,688.0,1002,0.00382232666015625
/content/brain_tumor_mat/1512.mat,1512,2,103670,512,512,0.0,745.0,1339,0.005107879638671875
/content/brain_tumor_mat/1513.mat,1513,2,103670,512,512,0.0,783.0,1649,0.006290435791015625
/content/brain_tumor_mat/1514.mat,1514,2,103670,512,512,0.0,768.0,875,0.003337860107421875
/content/brain_tumor_mat/1515.mat,1515,2,103671,512,512,0.0,2586.0,1325,0.005054473876953125
/content/brain_tumor_mat/1516.mat,1516,2,103671,512,512,0.0,2519.0,1944,0.007415771484375
/content/brain_tumor_mat/1517.mat,1517,2,103671,512,512,0.0,2551.0,2441,0.009311676025390625
/content/brain_tumor_mat/1518.mat,1518,2,103671,512,512,0.0,2374.0,2390,0.00911712646484375
/content/brain_tumor_mat/1519.mat,1519,2,103671,512,512,0.0,2515.0,1806,0.00688934326171875
/content/brain_tumor_mat/1520.mat,1520,2,103671,512,512,0.0,2422.0,974,0.00371551513671875
/content/brain_tumor_mat/1521.mat,1521,2,103731,512,512,0.0,643.0,658,0.00251007080078125
/content/brain_tumor_mat/1522.mat,1522,2,103731,512,512,0.0,616.0,2190,0.00835418701171875
/content/brain_tumor_mat/1523.mat,1523,2,103731,512,512,0.0,658.0,2420,0.0092315673828125
/content/brain_tumor_mat/1524.mat,1524,2,103731,512,512,0.0,655.0,3613,0.013782501220703125
/content/brain_tumor_mat/1525.mat,1525,2,103731,512,512,0.0,700.0,3633,0.013858795166015625
/content/brain_tumor_mat/1526.mat,1526,2,103731,512,512,0.0,762.0,3294,0.01256561279296875
/content/brain_tumor_mat/1527.mat,1527,2,103731,512,512,0.0,706.0,865,0.003299713134765625
/content/brain_tumor_mat/1528.mat,1528,2,103837,512,512,0.0,687.0,1469,0.005603790283203125
/content/brain_tumor_mat/1529.mat,1529,2,103837,512,512,0.0,594.0,2032,0.00775146484375
/content/brain_tumor_mat/1530.mat,1530,2,103837,512,512,0.0,587.0,2833,0.010807037353515625
/content/brain_tumor_mat/1531.mat,1531,2,103837,512,512,0.0,600.0,2968,0.011322021484375
/content/brain_tumor_mat/1532.mat,1532,2,103837,512,512,0.0,585.0,2815,0.010738372802734375
/content/brain_tumor_mat/1533.mat,1533,2,104019,512,512,0.0,2662.0,1123,0.004283905029296875
/content/brain_tumor_mat/1534.mat,1534,2,104019,512,512,0.0,2583.0,1262,0.00481414794921875
/content/brain_tumor_mat/1535.mat,1535,2,104019,512,512,0.0,2685.0,1604,0.0061187744140625
/content/brain_tumor_mat/1536.mat,1536,2,104019,512,512,0.0,2938.0,1307,0.004985809326171875
/content/brain_tumor_mat/1537.mat,1537,2,104019,512,512,0.0,2934.0,1205,0.004596710205078125
/content/brain_tumor_mat/1538.mat,1538,2,104558,512,512,0.0,2555.0,7699,0.029369354248046875
/content/brain_tumor_mat/1539.mat,1539,2,104558,512,512,0.0,2505.0,10215,0.038967132568359375
/content/brain_tumor_mat/1540.mat,1540,2,104558,512,512,0.0,2487.0,11524,0.0439605712890625
/content/brain_tumor_mat/1541.mat,1541,2,104558,512,512,0.0,2466.0,11184,0.04266357421875
/content/brain_tumor_mat/1542.mat,1542,2,104558,512,512,0.0,2896.0,10338,0.03943634033203125
/content/brain_tumor_mat/1543.mat,1543,2,104558,512,512,0.0,2901.0,5729,0.021854400634765625
/content/brain_tumor_mat/1544.mat,1544,2,104558,512,512,0.0,3250.0,2945,0.011234283447265625
/content/brain_tumor_mat/1545.mat,1545,2,104684,512,512,0.0,566.0,1991,0.007595062255859375
/content/brain_tumor_mat/1546.mat,1546,2,104684,512,512,0.0,599.0,3814,0.01454925537109375
/content/brain_tumor_mat/1547.mat,1547,2,104684,512,512,0.0,575.0,4348,0.0165863037109375
/content/brain_tumor_mat/1548.mat,1548,2,104684,512,512,0.0,606.0,4195,0.016002655029296875
/content/brain_tumor_mat/1549.mat,1549,2,104684,512,512,0.0,610.0,4037,0.015399932861328125
/content/brain_tumor_mat/1550.mat,1550,2,104684,512,512,0.0,620.0,3390,0.01293182373046875
/content/brain_tumor_mat/1551.mat,1551,2,104684,512,512,0.0,558.0,2701,0.010303497314453125
/content/brain_tumor_mat/1552.mat,1552,2,104912,512,512,0.0,793.0,1345,0.005130767822265625
/content/brain_tumor_mat/1553.mat,1553,2,104912,512,512,0.0,615.0,2543,0.009700775146484375
/content/brain_tumor_mat/1554.mat,1554,2,104912,512,512,0.0,622.0,2002,0.00763702392578125
/content/brain_tumor_mat/1555.mat,1555,2,104912,512,512,0.0,583.0,1731,0.006603240966796875
/content/brain_tumor_mat/1556.mat,1556,2,104912,512,512,0.0,637.0,1357,0.005176544189453125
/content/brain_tumor_mat/1557.mat,1557,2,105187,512,512,0.0,3334.0,303,0.001155853271484375
/content/brain_tumor_mat/1558.mat,1558,2,105187,512,512,0.0,3747.0,535,0.002040863037109375
/content/brain_tumor_mat/1559.mat,1559,2,105187,512,512,0.0,3285.0,1326,0.00505828857421875
/content/brain_tumor_mat/1560.mat,1560,2,105187,512,512,0.0,2880.0,1733,0.006610870361328125
/content/brain_tumor_mat/1561.mat,1561,2,105187,512,512,0.0,2989.0,1576,0.006011962890625
/content/brain_tumor_mat/1562.mat,1562,2,105187,512,512,0.0,2902.0,1173,0.004474639892578125
/content/brain_tumor_mat/1563.mat,1563,2,105475,512,512,0.0,2683.0,777,0.002964019775390625
/content/brain_tumor_mat/1564.mat,1564,2,105475,512,512,0.0,3217.0,850,0.00324249267578125
/content/brain_tumor_mat/1565.mat,1565,2,105475,512,512,0.0,2756.0,544,0.0020751953125
/content/brain_tumor_mat/1566.mat,1566,2,105538,512,512,0.0,2369.0,726,0.00276947021484375
/content/brain_tumor_mat/1567.mat,1567,2,105538,512,512,0.0,2434.0,656,0.00250244140625
/content/brain_tumor_mat/1568.mat,1568,2,105638,512,512,0.0,578.0,814,0.00310516357421875
/content/brain_tumor_mat/1569.mat,1569,2,105638,512,512,0.0,575.0,1082,0.00412750244140625
/content/brain_tumor_mat/1570.mat,1570,2,105638,512,512,0.0,573.0,1020,0.0038909912109375
/content/brain_tumor_mat/1571.mat,1571,2,105638,512,512,0.0,538.0,907,0.003459930419921875
/content/brain_tumor_mat/1572.mat,1572,2,105638,512,512,0.0,552.0,504,0.001922607421875
/content/brain_tumor_mat/1573.mat,1573,2,97416,512,512,0.0,2372.0,680,0.002593994140625
/content/brain_tumor_mat/1574.mat,1574,2,97416,512,512,0.0,2131.0,2069,0.007892608642578125
/content/brain_tumor_mat/1575.mat,1575,2,97416,512,512,0.0,2245.0,3029,0.011554718017578125
/content/brain_tumor_mat/1576.mat,1576,2,97416,512,512,0.0,2522.0,3307,0.012615203857421875
/content/brain_tumor_mat/1577.mat,1577,2,97416,512,512,0.0,2231.0,2707,0.010326385498046875
/content/brain_tumor_mat/1578.mat,1578,2,97416,512,512,0.0,2150.0,3305,0.012607574462890625
/content/brain_tumor_mat/1579.mat,1579,2,97416,512,512,0.0,2332.0,2458,0.00937652587890625
/content/brain_tumor_mat/1580.mat,1580,2,97416,512,512,0.0,2060.0,3363,0.012828826904296875
/content/brain_tumor_mat/1581.mat,1581,2,97461,512,512,0.0,2348.0,1653,0.006305694580078125
/content/brain_tumor_mat/1582.mat,1582,2,97461,512,512,0.0,2346.0,3139,0.011974334716796875
/content/brain_tumor_mat/1583.mat,1583,2,97461,512,512,0.0,2717.0,5245,0.020008087158203125
/content/brain_tumor_mat/1584.mat,1584,2,97461,512,512,0.0,2262.0,3716,0.0141754150390625
/content/brain_tumor_mat/1585.mat,1585,2,97461,512,512,0.0,2687.0,5116,0.0195159912109375
/content/brain_tumor_mat/1586.mat,1586,2,97461,512,512,0.0,2698.0,4848,0.01849365234375
/content/brain_tumor_mat/1587.mat,1587,2,97461,512,512,0.0,2733.0,6712,0.025604248046875
/content/brain_tumor_mat/1588.mat,1588,2,97461,512,512,0.0,2722.0,8240,0.03143310546875
/content/brain_tumor_mat/1589.mat,1589,2,97481,512,512,0.0,2229.0,1153,0.004398345947265625
/content/brain_tumor_mat/1590.mat,1590,2,97481,512,512,0.0,2134.0,1427,0.005443572998046875
/content/brain_tumor_mat/1591.mat,1591,2,97481,512,512,0.0,2530.0,1687,0.006435394287109375
/content/brain_tumor_mat/1592.mat,1592,2,97481,512,512,0.0,2560.0,1324,0.0050506591796875
/content/brain_tumor_mat/1593.mat,1593,2,97481,512,512,0.0,2323.0,1806,0.00688934326171875
/content/brain_tumor_mat/1594.mat,1594,2,97599,512,512,0.0,2400.0,486,0.00185394287109375
/content/brain_tumor_mat/1595.mat,1595,2,97599,512,512,0.0,2174.0,323,0.001232147216796875
/content/brain_tumor_mat/1596.mat,1596,2,97890,512,512,0.0,2178.0,1006,0.00383758544921875
/content/brain_tumor_mat/1597.mat,1597,2,97890,512,512,0.0,2276.0,1404,0.0053558349609375
/content/brain_tumor_mat/1598.mat,1598,2,97890,512,512,0.0,2194.0,1065,0.004062652587890625
/content/brain_tumor_mat/1599.mat,1599,2,97890,512,512,0.0,2401.0,1124,0.0042877197265625
/content/brain_tumor_mat/1600.mat,1600,2,98472,512,512,0.0,834.0,1615,0.006160736083984375
/content/brain_tumor_mat/1601.mat,1601,2,98472,512,512,0.0,815.0,2078,0.00792694091796875
/content/brain_tumor_mat/1602.mat,1602,2,98472,512,512,0.0,848.0,2445,0.009326934814453125
/content/brain_tumor_mat/1603.mat,1603,2,98472,512,512,0.0,797.0,2120,0.008087158203125
/content/brain_tumor_mat/1604.mat,1604,2,98472,512,512,0.0,871.0,612,0.0023345947265625
/content/brain_tumor_mat/1605.mat,1605,2,98652,512,512,0.0,726.0,651,0.002483367919921875
/content/brain_tumor_mat/1606.mat,1606,2,98652,512,512,0.0,797.0,795,0.003032684326171875
/content/brain_tumor_mat/1607.mat,1607,2,98652,512,512,0.0,783.0,791,0.003017425537109375
/content/brain_tumor_mat/1608.mat,1608,2,98652,512,512,0.0,759.0,5882,0.02243804931640625
/content/brain_tumor_mat/1609.mat,1609,2,98871,512,512,0.0,2477.0,1673,0.006381988525390625
/content/brain_tumor_mat/1610.mat,1610,2,98871,512,512,0.0,2791.0,1631,0.006221771240234375
/content/brain_tumor_mat/1611.mat,1611,2,98871,512,512,0.0,2889.0,3131,0.011943817138671875
/content/brain_tumor_mat/1612.mat,1612,2,98871,512,512,0.0,3219.0,3311,0.012630462646484375
/content/brain_tumor_mat/1613.mat,1613,2,98871,512,512,0.0,2836.0,1969,0.007511138916015625
/content/brain_tumor_mat/1614.mat,1614,2,98871,512,512,0.0,2865.0,2808,0.010711669921875
/content/brain_tumor_mat/1615.mat,1615,2,98871,512,512,0.0,2779.0,5928,0.022613525390625
/content/brain_tumor_mat/1616.mat,1616,2,98874,512,512,0.0,3161.0,550,0.00209808349609375
/content/brain_tumor_mat/1617.mat,1617,2,98874,512,512,0.0,2541.0,1188,0.0045318603515625
/content/brain_tumor_mat/1618.mat,1618,2,98874,512,512,0.0,2532.0,2407,0.009181976318359375
/content/brain_tumor_mat/1619.mat,1619,2,98874,512,512,0.0,2928.0,2407,0.009181976318359375
/content/brain_tumor_mat/1620.mat,1620,2,98874,512,512,0.0,2594.0,2142,0.00817108154296875
/content/brain_tumor_mat/1621.mat,1621,2,98992,512,512,0.0,2950.0,1512,0.005767822265625
/content/brain_tumor_mat/1622.mat,1622,2,98992,512,512,0.0,2836.0,2247,0.008571624755859375
/content/brain_tumor_mat/1623.mat,1623,2,98992,512,512,0.0,2672.0,4633,0.017673492431640625
/content/brain_tumor_mat/1624.mat,1624,2,98992,512,512,0.0,2696.0,7794,0.02973175048828125
/content/brain_tumor_mat/1625.mat,1625,2,98992,512,512,0.0,2603.0,8339,0.031810760498046875
/content/brain_tumor_mat/1626.mat,1626,2,98992,512,512,0.0,2747.0,8162,0.03113555908203125
/content/brain_tumor_mat/1627.mat,1627,2,98992,512,512,0.0,2915.0,5341,0.020374298095703125
/content/brain_tumor_mat/1628.mat,1628,2,98995,512,512,0.0,1013.0,996,0.0037994384765625
/content/brain_tumor_mat/1629.mat,1629,2,98995,512,512,0.0,1079.0,2460,0.0093841552734375
/content/brain_tumor_mat/1630.mat,1630,2,98995,512,512,0.0,994.0,3457,0.013187408447265625
/content/brain_tumor_mat/1631.mat,1631,2,98995,512,512,0.0,986.0,3791,0.014461517333984375
/content/brain_tumor_mat/1632.mat,1632,2,98995,512,512,0.0,1014.0,5429,0.020709991455078125
/content/brain_tumor_mat/1633.mat,1633,2,98995,512,512,0.0,995.0,5556,0.0211944580078125
/content/brain_tumor_mat/1634.mat,1634,2,99223,512,512,0.0,2797.0,552,0.002105712890625
/content/brain_tumor_mat/1635.mat,1635,2,99223,512,512,0.0,2866.0,2337,0.008914947509765625
/content/brain_tumor_mat/1636.mat,1636,2,99223,512,512,0.0,2669.0,3495,0.013332366943359375
/content/brain_tumor_mat/1637.mat,1637,2,99223,512,512,0.0,2587.0,4019,0.015331268310546875
/content/brain_tumor_mat/1638.mat,1638,2,99223,512,512,0.0,2591.0,3784,0.014434814453125
/content/brain_tumor_mat/1639.mat,1639,2,99223,512,512,0.0,2568.0,3243,0.012371063232421875
/content/brain_tumor_mat/1640.mat,1640,2,101017,512,512,0.0,969.0,1554,0.00592803955078125
/content/brain_tumor_mat/1641.mat,1641,2,101017,512,512,0.0,999.0,2035,0.007762908935546875
/content/brain_tumor_mat/1642.mat,1642,2,101017,512,512,0.0,1001.0,2485,0.009479522705078125
/content/brain_tumor_mat/1643.mat,1643,2,101017,512,512,0.0,1026.0,1779,0.006786346435546875
/content/brain_tumor_mat/1644.mat,1644,2,101029,512,512,0.0,1557.0,1906,0.00727081298828125
/content/brain_tumor_mat/1645.mat,1645,2,101029,512,512,0.0,1695.0,1802,0.00687408447265625
/content/brain_tumor_mat/1646.mat,1646,2,101029,512,512,0.0,1696.0,2212,0.0084381103515625
/content/brain_tumor_mat/1647.mat,1647,2,101029,512,512,0.0,1693.0,2380,0.0090789794921875
/content/brain_tumor_mat/1648.mat,1648,2,101029,512,512,0.0,1711.0,2300,0.0087738037109375
/content/brain_tumor_mat/1649.mat,1649,2,101029,512,512,0.0,1772.0,2095,0.007991790771484375
/content/brain_tumor_mat/1650.mat,1650,2,101029,512,512,0.0,1769.0,1735,0.006618499755859375
/content/brain_tumor_mat/1651.mat,1651,2,101145,512,512,0.0,2284.0,340,0.0012969970703125
/content/brain_tumor_mat/1652.mat,1652,2,101145,512,512,0.0,2101.0,459,0.001750946044921875
/content/brain_tumor_mat/1653.mat,1653,2,101145,512,512,0.0,2300.0,665,0.002536773681640625
/content/brain_tumor_mat/1654.mat,1654,2,101145,512,512,0.0,2143.0,509,0.001941680908203125
/content/brain_tumor_mat/1655.mat,1655,2,101305,512,512,0.0,872.0,461,0.001758575439453125
/content/brain_tumor_mat/1656.mat,1656,2,101305,512,512,0.0,844.0,737,0.002811431884765625
/content/brain_tumor_mat/1657.mat,1657,2,101305,512,512,0.0,822.0,610,0.00232696533203125
/content/brain_tumor_mat/1658.mat,1658,2,101305,512,512,0.0,814.0,541,0.002063751220703125
/content/brain_tumor_mat/1659.mat,1659,2,101724,512,512,0.0,745.0,545,0.002079010009765625
/content/brain_tumor_mat/1660.mat,1660,2,101724,512,512,0.0,734.0,638,0.00243377685546875
/content/brain_tumor_mat/1661.mat,1661,2,101724,512,512,0.0,744.0,722,0.00275421142578125
/content/brain_tumor_mat/1662.mat,1662,2,101724,512,512,0.0,944.0,546,0.00208282470703125
/content/brain_tumor_mat/1663.mat,1663,2,101724,512,512,0.0,778.0,807,0.003078460693359375
/content/brain_tumor_mat/1664.mat,1664,2,101724,512,512,0.0,764.0,742,0.00283050537109375
/content/brain_tumor_mat/1665.mat,1665,2,102648,512,512,0.0,4323.0,769,0.002933502197265625
/content/brain_tumor_mat/1666.mat,1666,2,102648,512,512,0.0,3621.0,1007,0.003841400146484375
/content/brain_tumor_mat/1667.mat,1667,2,102648,512,512,0.0,3757.0,1236,0.0047149658203125
/content/brain_tumor_mat/1668.mat,1668,2,102648,512,512,0.0,3800.0,1480,0.005645751953125
/content/brain_tumor_mat/1669.mat,1669,2,102648,512,512,0.0,3750.0,1262,0.00481414794921875
/content/brain_tumor_mat/1670.mat,1670,2,102648,512,512,0.0,3640.0,1265,0.004825592041015625
/content/brain_tumor_mat/1671.mat,1671,2,102648,512,512,0.0,4206.0,867,0.003307342529296875
/content/brain_tumor_mat/1672.mat,1672,2,102669,512,512,0.0,1444.0,371,0.001415252685546875
/content/brain_tumor_mat/1673.mat,1673,2,103046,512,512,0.0,801.0,1291,0.004924774169921875
/content/brain_tumor_mat/1674.mat,1674,2,103046,512,512,0.0,831.0,1188,0.0045318603515625
/content/brain_tumor_mat/1675.mat,1675,2,103046,512,512,0.0,845.0,969,0.003696441650390625
/content/brain_tumor_mat/1676.mat,1676,2,103046,512,512,0.0,862.0,774,0.00295257568359375
/content/brain_tumor_mat/1677.mat,1677,2,103257,512,512,0.0,701.0,1021,0.003894805908203125
/content/brain_tumor_mat/1678.mat,1678,2,103257,512,512,0.0,701.0,1996,0.0076141357421875
/content/brain_tumor_mat/1679.mat,1679,2,103257,512,512,0.0,734.0,2416,0.00921630859375
/content/brain_tumor_mat/1680.mat,1680,2,103257,512,512,0.0,758.0,3028,0.0115509033203125
/content/brain_tumor_mat/1681.mat,1681,2,103257,512,512,0.0,746.0,3055,0.011653900146484375
/content/brain_tumor_mat/1682.mat,1682,2,103257,512,512,0.0,734.0,1725,0.006580352783203125
/content/brain_tumor_mat/1683.mat,1683,2,103257,512,512,0.0,772.0,1323,0.005046844482421875
/content/brain_tumor_mat/1684.mat,1684,2,103478,512,512,0.0,3003.0,1254,0.00478363037109375
/content/brain_tumor_mat/1685.mat,1685,2,103478,512,512,0.0,2849.0,2852,0.0108795166015625
/content/brain_tumor_mat/1686.mat,1686,2,103478,512,512,0.0,3116.0,3894,0.01485443115234375
/content/brain_tumor_mat/1687.mat,1687,2,103478,512,512,0.0,3132.0,3882,0.01480865478515625
/content/brain_tumor_mat/1688.mat,1688,2,103478,512,512,0.0,2643.0,3899,0.014873504638671875
/content/brain_tumor_mat/1689.mat,1689,2,103478,512,512,0.0,2576.0,2678,0.01021575927734375
/content/brain_tumor_mat/1690.mat,1690,2,103478,512,512,0.0,2516.0,1334,0.00508880615234375
/content/brain_tumor_mat/1691.mat,1691,2,103478,512,512,0.0,2410.0,1178,0.00449371337890625
/content/brain_tumor_mat/1692.mat,1692,2,103582,512,512,0.0,2431.0,1045,0.003986358642578125
/content/brain_tumor_mat/1693.mat,1693,2,103582,512,512,0.0,2489.0,1599,0.006099700927734375
/content/brain_tumor_mat/1694.mat,1694,2,103582,512,512,0.0,2637.0,2137,0.008152008056640625
/content/brain_tumor_mat/1695.mat,1695,2,103582,512,512,0.0,2919.0,2748,0.0104827880859375
/content/brain_tumor_mat/1696.mat,1696,2,103582,512,512,0.0,2896.0,2267,0.008647918701171875
/content/brain_tumor_mat/1697.mat,1697,2,103582,512,512,0.0,2701.0,1381,0.005268096923828125
/content/brain_tumor_mat/1698.mat,1698,2,103582,512,512,0.0,2667.0,889,0.003391265869140625
/content/brain_tumor_mat/1699.mat,1699,2,103582,512,512,0.0,2366.0,882,0.00336456298828125
/content/brain_tumor_mat/1700.mat,1700,2,103670,512,512,0.0,908.0,928,0.0035400390625
/content/brain_tumor_mat/1701.mat,1701,2,103670,512,512,0.0,916.0,1101,0.004199981689453125
/content/brain_tumor_mat/1702.mat,1702,2,103670,512,512,0.0,865.0,950,0.00362396240234375
/content/brain_tumor_mat/1703.mat,1703,2,103670,512,512,0.0,890.0,869,0.003314971923828125
/content/brain_tumor_mat/1704.mat,1704,2,103671,512,512,0.0,2188.0,1614,0.00615692138671875
/content/brain_tumor_mat/1705.mat,1705,2,103671,512,512,0.0,2204.0,2216,0.008453369140625
/content/brain_tumor_mat/1706.mat,1706,2,103671,512,512,0.0,2278.0,2188,0.0083465576171875
/content/brain_tumor_mat/1707.mat,1707,2,103671,512,512,0.0,2256.0,1981,0.007556915283203125
/content/brain_tumor_mat/1708.mat,1708,2,103671,512,512,0.0,2141.0,1360,0.00518798828125
/content/brain_tumor_mat/1709.mat,1709,2,103731,512,512,0.0,795.0,2500,0.0095367431640625
/content/brain_tumor_mat/1710.mat,1710,2,103731,512,512,0.0,843.0,3851,0.014690399169921875
/content/brain_tumor_mat/1711.mat,1711,2,103731,512,512,0.0,832.0,3940,0.0150299072265625
/content/brain_tumor_mat/1712.mat,1712,2,103731,512,512,0.0,842.0,3507,0.013378143310546875
/content/brain_tumor_mat/1713.mat,1713,2,103731,512,512,0.0,735.0,1781,0.006793975830078125
/content/brain_tumor_mat/1714.mat,1714,2,103837,512,512,0.0,635.0,1031,0.003932952880859375
/content/brain_tumor_mat/1715.mat,1715,2,103837,512,512,0.0,617.0,1599,0.006099700927734375
/content/brain_tumor_mat/1716.mat,1716,2,103837,512,512,0.0,652.0,1833,0.006992340087890625
/content/brain_tumor_mat/1717.mat,1717,2,103837,512,512,0.0,631.0,2542,0.00969696044921875
/content/brain_tumor_mat/1718.mat,1718,2,103837,512,512,0.0,593.0,2599,0.009914398193359375
/content/brain_tumor_mat/1719.mat,1719,2,103837,512,512,0.0,559.0,2200,0.008392333984375
/content/brain_tumor_mat/1720.mat,1720,2,103837,512,512,0.0,565.0,698,0.00266265869140625
/content/brain_tumor_mat/1721.mat,1721,2,104019,512,512,0.0,2407.0,473,0.001804351806640625
/content/brain_tumor_mat/1722.mat,1722,2,104019,512,512,0.0,2402.0,1038,0.00395965576171875
/content/brain_tumor_mat/1723.mat,1723,2,104019,512,512,0.0,2419.0,1009,0.003849029541015625
/content/brain_tumor_mat/1724.mat,1724,2,104019,512,512,0.0,2544.0,1038,0.00395965576171875
/content/brain_tumor_mat/1725.mat,1725,2,104558,512,512,0.0,3256.0,3378,0.01288604736328125
/content/brain_tumor_mat/1726.mat,1726,2,104558,512,512,0.0,3051.0,7932,0.0302581787109375
/content/brain_tumor_mat/1727.mat,1727,2,104558,512,512,0.0,3082.0,10496,0.0400390625
/content/brain_tumor_mat/1728.mat,1728,2,104558,512,512,0.0,3090.0,11550,0.04405975341796875
/content/brain_tumor_mat/1729.mat,1729,2,104558,512,512,0.0,2916.0,11684,0.0445709228515625
/content/brain_tumor_mat/1730.mat,1730,2,104558,512,512,0.0,2901.0,10912,0.0416259765625
/content/brain_tumor_mat/1731.mat,1731,2,104558,512,512,0.0,2774.0,9620,0.0366973876953125
/content/brain_tumor_mat/1732.mat,1732,2,104558,512,512,0.0,2697.0,4193,0.015995025634765625
/content/brain_tumor_mat/1733.mat,1733,2,104558,512,512,0.0,2693.0,2734,0.01042938232421875
/content/brain_tumor_mat/1734.mat,1734,2,104684,512,512,0.0,803.0,3209,0.012241363525390625
/content/brain_tumor_mat/1735.mat,1735,2,104684,512,512,0.0,817.0,3952,0.01507568359375
/content/brain_tumor_mat/1736.mat,1736,2,104684,512,512,0.0,782.0,3791,0.014461517333984375
/content/brain_tumor_mat/1737.mat,1737,2,104684,512,512,0.0,771.0,3928,0.014984130859375
/content/brain_tumor_mat/1738.mat,1738,2,104684,512,512,0.0,820.0,3832,0.014617919921875
/content/brain_tumor_mat/1739.mat,1739,2,104684,512,512,0.0,829.0,2928,0.01116943359375
/content/brain_tumor_mat/1740.mat,1740,2,104684,512,512,0.0,817.0,1831,0.006984710693359375
/content/brain_tumor_mat/1741.mat,1741,2,104912,512,512,0.0,694.0,630,0.00240325927734375
/content/brain_tumor_mat/1742.mat,1742,2,104912,512,512,0.0,698.0,941,0.003589630126953125
/content/brain_tumor_mat/1743.mat,1743,2,104912,512,512,0.0,730.0,1014,0.00386810302734375
/content/brain_tumor_mat/1744.mat,1744,2,104912,512,512,0.0,714.0,1165,0.004444122314453125
/content/brain_tumor_mat/1745.mat,1745,2,104912,512,512,0.0,722.0,1341,0.005115509033203125
/content/brain_tumor_mat/1746.mat,1746,2,104912,512,512,0.0,731.0,1393,0.005313873291015625
/content/brain_tumor_mat/1747.mat,1747,2,104912,512,512,0.0,741.0,652,0.0024871826171875
/content/brain_tumor_mat/1748.mat,1748,2,105187,512,512,0.0,3557.0,590,0.00225067138671875
/content/brain_tumor_mat/1749.mat,1749,2,105187,512,512,0.0,3520.0,759,0.002895355224609375
/content/brain_tumor_mat/1750.mat,1750,2,105187,512,512,0.0,3450.0,964,0.0036773681640625
/content/brain_tumor_mat/1751.mat,1751,2,105187,512,512,0.0,3366.0,1006,0.00383758544921875
/content/brain_tumor_mat/1752.mat,1752,2,105187,512,512,0.0,3640.0,1050,0.00400543212890625
/content/brain_tumor_mat/1753.mat,1753,2,105187,512,512,0.0,3275.0,655,0.002498626708984375
/content/brain_tumor_mat/1754.mat,1754,2,105475,512,512,0.0,2474.0,455,0.001735687255859375
/content/brain_tumor_mat/1755.mat,1755,2,105475,512,512,0.0,2697.0,486,0.00185394287109375
/content/brain_tumor_mat/1756.mat,1756,2,105475,512,512,0.0,2547.0,493,0.001880645751953125
/content/brain_tumor_mat/1757.mat,1757,2,105475,512,512,0.0,2475.0,493,0.001880645751953125
/content/brain_tumor_mat/1758.mat,1758,2,105475,512,512,0.0,2408.0,540,0.0020599365234375
/content/brain_tumor_mat/1759.mat,1759,2,105538,512,512,0.0,2421.0,915,0.003490447998046875
/content/brain_tumor_mat/1760.mat,1760,2,105538,512,512,0.0,2514.0,962,0.00366973876953125
/content/brain_tumor_mat/1761.mat,1761,2,105638,512,512,0.0,672.0,731,0.002788543701171875
/content/brain_tumor_mat/1762.mat,1762,2,105638,512,512,0.0,753.0,918,0.00350189208984375
/content/brain_tumor_mat/1763.mat,1763,2,105638,512,512,0.0,644.0,668,0.0025482177734375
/content/brain_tumor_mat/1764.mat,1764,2,105638,512,512,0.0,724.0,481,0.001834869384765625
/content/brain_tumor_mat/1765.mat,1765,2,105638,512,512,0.0,663.0,316,0.0012054443359375
/content/brain_tumor_mat/1766.mat,1766,2,97416,512,512,0.0,2326.0,2592,0.0098876953125
/content/brain_tumor_mat/1767.mat,1767,2,97416,512,512,0.0,2259.0,2899,0.011058807373046875
/content/brain_tumor_mat/1768.mat,1768,2,97416,512,512,0.0,2148.0,3372,0.0128631591796875
/content/brain_tumor_mat/1769.mat,1769,2,97416,512,512,0.0,2130.0,3805,0.014514923095703125
/content/brain_tumor_mat/1770.mat,1770,2,97416,512,512,0.0,1904.0,3241,0.012363433837890625
/content/brain_tumor_mat/1771.mat,1771,2,97416,512,512,0.0,1981.0,1870,0.00713348388671875
/content/brain_tumor_mat/1772.mat,1772,2,97416,512,512,0.0,1852.0,958,0.00365447998046875
/content/brain_tumor_mat/1773.mat,1773,2,97461,512,512,0.0,1806.0,4138,0.01578521728515625
/content/brain_tumor_mat/1774.mat,1774,2,97461,512,512,0.0,1857.0,2900,0.0110626220703125
/content/brain_tumor_mat/1775.mat,1775,2,97461,512,512,0.0,1856.0,4271,0.016292572021484375
/content/brain_tumor_mat/1776.mat,1776,2,97461,512,512,0.0,1800.0,4789,0.018268585205078125
/content/brain_tumor_mat/1777.mat,1777,2,97461,512,512,0.0,1993.0,4650,0.01773834228515625
/content/brain_tumor_mat/1778.mat,1778,2,97461,512,512,0.0,1871.0,2964,0.0113067626953125
/content/brain_tumor_mat/1779.mat,1779,2,97461,512,512,0.0,1840.0,2979,0.011363983154296875
/content/brain_tumor_mat/1780.mat,1780,2,97461,512,512,0.0,1899.0,1541,0.005878448486328125
/content/brain_tumor_mat/1781.mat,1781,2,97481,512,512,0.0,2110.0,709,0.002704620361328125
/content/brain_tumor_mat/1782.mat,1782,2,97481,512,512,0.0,1983.0,1910,0.00728607177734375
/content/brain_tumor_mat/1783.mat,1783,2,97481,512,512,0.0,1988.0,2365,0.009021759033203125
/content/brain_tumor_mat/1784.mat,1784,2,97481,512,512,0.0,2079.0,1806,0.00688934326171875
/content/brain_tumor_mat/1785.mat,1785,2,97481,512,512,0.0,1996.0,946,0.00360870361328125
/content/brain_tumor_mat/1786.mat,1786,2,97599,512,512,0.0,1977.0,451,0.001720428466796875
/content/brain_tumor_mat/1787.mat,1787,2,97599,512,512,0.0,1984.0,500,0.0019073486328125
/content/brain_tumor_mat/1788.mat,1788,2,97599,512,512,0.0,1926.0,480,0.0018310546875
/content/brain_tumor_mat/1789.mat,1789,2,97890,512,512,0.0,1849.0,482,0.00183868408203125
/content/brain_tumor_mat/1790.mat,1790,2,97890,512,512,0.0,1796.0,584,0.002227783203125
/content/brain_tumor_mat/1791.mat,1791,2,97890,512,512,0.0,1844.0,665,0.002536773681640625
/content/brain_tumor_mat/1792.mat,1792,2,97890,512,512,0.0,1938.0,341,0.001300811767578125
/content/brain_tumor_mat/1793.mat,1793,2,97890,512,512,0.0,2088.0,703,0.002681732177734375
/content/brain_tumor_mat/1794.mat,1794,2,97890,512,512,0.0,2011.0,693,0.002643585205078125
/content/brain_tumor_mat/1795.mat,1795,2,98472,512,512,0.0,819.0,1827,0.006969451904296875
/content/brain_tumor_mat/1796.mat,1796,2,98472,512,512,0.0,825.0,2006,0.00765228271484375
/content/brain_tumor_mat/1797.mat,1797,2,98472,512,512,0.0,1136.0,2081,0.007938385009765625
/content/brain_tumor_mat/1798.mat,1798,2,98472,512,512,0.0,1030.0,1783,0.006801605224609375
/content/brain_tumor_mat/1799.mat,1799,2,98472,512,512,0.0,1090.0,1601,0.006107330322265625
/content/brain_tumor_mat/1800.mat,1800,2,98472,512,512,0.0,853.0,1043,0.003978729248046875
/content/brain_tumor_mat/1801.mat,1801,2,98652,512,512,0.0,798.0,845,0.003223419189453125
/content/brain_tumor_mat/1802.mat,1802,2,98652,512,512,0.0,757.0,791,0.003017425537109375
/content/brain_tumor_mat/1803.mat,1803,2,98652,512,512,0.0,818.0,546,0.00208282470703125
/content/brain_tumor_mat/1804.mat,1804,2,98652,512,512,0.0,831.0,452,0.0017242431640625
/content/brain_tumor_mat/1805.mat,1805,2,98652,512,512,0.0,819.0,613,0.002338409423828125
/content/brain_tumor_mat/1806.mat,1806,2,98871,512,512,0.0,2619.0,1187,0.004528045654296875
/content/brain_tumor_mat/1807.mat,1807,2,98871,512,512,0.0,2540.0,1836,0.0070037841796875
/content/brain_tumor_mat/1808.mat,1808,2,98871,512,512,0.0,2506.0,1490,0.00568389892578125
/content/brain_tumor_mat/1809.mat,1809,2,98871,512,512,0.0,2518.0,1968,0.00750732421875
/content/brain_tumor_mat/1810.mat,1810,2,98871,512,512,0.0,2535.0,1697,0.006473541259765625
/content/brain_tumor_mat/1811.mat,1811,2,98871,512,512,0.0,2618.0,1543,0.005886077880859375
/content/brain_tumor_mat/1812.mat,1812,2,98871,512,512,0.0,2659.0,1194,0.00455474853515625
/content/brain_tumor_mat/1813.mat,1813,2,98874,512,512,0.0,2516.0,922,0.00351715087890625
/content/brain_tumor_mat/1814.mat,1814,2,98874,512,512,0.0,2692.0,928,0.0035400390625
/content/brain_tumor_mat/1815.mat,1815,2,98874,512,512,0.0,2546.0,1620,0.0061798095703125
/content/brain_tumor_mat/1816.mat,1816,2,98874,512,512,0.0,2563.0,1825,0.006961822509765625
/content/brain_tumor_mat/1817.mat,1817,2,98874,512,512,0.0,2512.0,1610,0.00614166259765625
/content/brain_tumor_mat/1818.mat,1818,2,98874,512,512,0.0,2523.0,1691,0.006450653076171875
/content/brain_tumor_mat/1819.mat,1819,2,98992,512,512,0.0,2400.0,2036,0.0077667236328125
/content/brain_tumor_mat/1820.mat,1820,2,98992,512,512,0.0,2355.0,1977,0.007541656494140625
/content/brain_tumor_mat/1821.mat,1821,2,98992,512,512,0.0,2488.0,1083,0.004131317138671875
/content/brain_tumor_mat/1822.mat,1822,2,98992,512,512,0.0,2735.0,2383,0.009090423583984375
/content/brain_tumor_mat/1823.mat,1823,2,98992,512,512,0.0,2316.0,3627,0.013835906982421875
/content/brain_tumor_mat/1824.mat,1824,2,98992,512,512,0.0,2313.0,4495,0.017147064208984375
/content/brain_tumor_mat/1825.mat,1825,2,98992,512,512,0.0,2392.0,5851,0.022319793701171875
/content/brain_tumor_mat/1826.mat,1826,2,98992,512,512,0.0,2397.0,5971,0.022777557373046875
/content/brain_tumor_mat/1827.mat,1827,2,98992,512,512,0.0,2546.0,6397,0.024402618408203125
/content/brain_tumor_mat/1828.mat,1828,2,98992,512,512,0.0,2512.0,4848,0.01849365234375
/content/brain_tumor_mat/1829.mat,1829,2,98992,512,512,0.0,2402.0,3866,0.01474761962890625
/content/brain_tumor_mat/1830.mat,1830,2,98995,512,512,0.0,928.0,1894,0.00722503662109375
/content/brain_tumor_mat/1831.mat,1831,2,98995,512,512,0.0,916.0,3585,0.013675689697265625
/content/brain_tumor_mat/1832.mat,1832,2,98995,512,512,0.0,934.0,3639,0.013881683349609375
/content/brain_tumor_mat/1833.mat,1833,2,98995,512,512,0.0,997.0,3662,0.01396942138671875
/content/brain_tumor_mat/1834.mat,1834,2,98995,512,512,0.0,952.0,2772,0.0105743408203125
/content/brain_tumor_mat/1835.mat,1835,2,99223,512,512,0.0,2101.0,2216,0.008453369140625
/content/brain_tumor_mat/1836.mat,1836,2,99223,512,512,0.0,2176.0,2785,0.010623931884765625
/content/brain_tumor_mat/1837.mat,1837,2,99223,512,512,0.0,2229.0,3277,0.012500762939453125
/content/brain_tumor_mat/1838.mat,1838,2,99223,512,512,0.0,2563.0,3048,0.011627197265625
/content/brain_tumor_mat/1839.mat,1839,2,99223,512,512,0.0,2508.0,2289,0.008731842041015625
/content/brain_tumor_mat/1840.mat,1840,2,99223,512,512,0.0,2408.0,920,0.003509521484375
/content/brain_tumor_mat/1841.mat,1841,1,MR048294,512,512,0.0,7147.0,996,0.0037994384765625
/content/brain_tumor_mat/1842.mat,1842,1,MR048294,512,512,0.0,5912.0,3908,0.0149078369140625
/content/brain_tumor_mat/1843.mat,1843,1,MR048294,512,512,0.0,6408.0,1677,0.006397247314453125
/content/brain_tumor_mat/1844.mat,1844,1,MR048294,512,512,0.0,7179.0,2732,0.0104217529296875
/content/brain_tumor_mat/1845.mat,1845,1,MR048294,512,512,0.0,6939.0,3198,0.01219940185546875
/content/brain_tumor_mat/1846.mat,1846,1,MR048294,512,512,0.0,6879.0,3251,0.012401580810546875
/content/brain_tumor_mat/1847.mat,1847,1,MR048294,512,512,0.0,7239.0,3714,0.01416778564453125
/content/brain_tumor_mat/1848.mat,1848,1,MR048294,512,512,0.0,6488.0,5183,0.019771575927734375
/content/brain_tumor_mat/1849.mat,1849,1,MR048297,512,512,0.0,9178.0,2031,0.007747650146484375
/content/brain_tumor_mat/1850.mat,1850,1,MR048297,512,512,0.0,8474.0,3191,0.012172698974609375
/content/brain_tumor_mat/1851.mat,1851,1,MR048297,512,512,0.0,8101.0,2588,0.0098724365234375
/content/brain_tumor_mat/1852.mat,1852,1,MR048297,512,512,0.0,7073.0,810,0.00308990478515625
/content/brain_tumor_mat/1853.mat,1853,1,MR048294B,512,512,0.0,6547.0,4631,0.017665863037109375
/content/brain_tumor_mat/1854.mat,1854,1,MR048621B,512,512,0.0,4931.0,6786,0.02588653564453125
/content/brain_tumor_mat/1855.mat,1855,1,MR048621B,512,512,0.0,4990.0,12206,0.04656219482421875
/content/brain_tumor_mat/1856.mat,1856,1,MR048621B,512,512,0.0,4902.0,8572,0.0326995849609375
/content/brain_tumor_mat/1857.mat,1857,1,MR048621B,512,512,0.0,5436.0,10325,0.039386749267578125
/content/brain_tumor_mat/1858.mat,1858,1,MR048621B,512,512,0.0,5355.0,13874,0.05292510986328125
/content/brain_tumor_mat/1859.mat,1859,1,MR048621B,512,512,0.0,5158.0,12621,0.048145294189453125
/content/brain_tumor_mat/1860.mat,1860,1,MR048621B,512,512,0.0,5196.0,7945,0.030307769775390625
/content/brain_tumor_mat/1861.mat,1861,1,MR048621B,512,512,0.0,4978.0,6504,0.024810791015625
/content/brain_tumor_mat/1862.mat,1862,1,MR048944,512,512,0.0,5377.0,506,0.00193023681640625
/content/brain_tumor_mat/1863.mat,1863,1,MR048944,512,512,0.0,5637.0,4765,0.018177032470703125
/content/brain_tumor_mat/1864.mat,1864,1,MR048944,512,512,0.0,5214.0,10143,0.038692474365234375
/content/brain_tumor_mat/1865.mat,1865,1,MR048944,512,512,0.0,5073.0,12917,0.049274444580078125
/content/brain_tumor_mat/1866.mat,1866,1,MR048944,512,512,0.0,4732.0,13685,0.052204132080078125
/content/brain_tumor_mat/1867.mat,1867,1,MR048944,512,512,0.0,4970.0,3847,0.014675140380859375
/content/brain_tumor_mat/1868.mat,1868,1,MR048944,512,512,0.0,4652.0,3273,0.012485504150390625
/content/brain_tumor_mat/1869.mat,1869,1,MR048944,512,512,0.0,4119.0,1987,0.007579803466796875
/content/brain_tumor_mat/1870.mat,1870,1,MR048994,512,512,0.0,5857.0,4733,0.018054962158203125
/content/brain_tumor_mat/1871.mat,1871,1,MR048994,512,512,0.0,5572.0,7419,0.028301239013671875
/content/brain_tumor_mat/1872.mat,1872,1,MR048994,512,512,0.0,4961.0,8950,0.03414154052734375
/content/brain_tumor_mat/1873.mat,1873,1,MR048994,512,512,0.0,4964.0,10390,0.03963470458984375
/content/brain_tumor_mat/1874.mat,1874,1,MR048994,512,512,0.0,4447.0,10987,0.041912078857421875
/content/brain_tumor_mat/1875.mat,1875,1,MR048994,512,512,0.0,4045.0,11035,0.042095184326171875
/content/brain_tumor_mat/1876.mat,1876,1,MR048994,512,512,0.0,4724.0,9662,0.03685760498046875
/content/brain_tumor_mat/1877.mat,1877,1,MR048994,512,512,0.0,3671.0,8635,0.032939910888671875
/content/brain_tumor_mat/1878.mat,1878,1,MR048994,512,512,0.0,3723.0,4425,0.016880035400390625
/content/brain_tumor_mat/1879.mat,1879,1,MR049104,512,512,0.0,5067.0,2843,0.010845184326171875
/content/brain_tumor_mat/1880.mat,1880,1,MR049104,512,512,0.0,5205.0,1073,0.004093170166015625
/content/brain_tumor_mat/1881.mat,1881,1,MR049142,512,512,0.0,3837.0,1397,0.005329132080078125
/content/brain_tumor_mat/1882.mat,1882,1,MR049142,512,512,0.0,3838.0,2366,0.00902557373046875
/content/brain_tumor_mat/1883.mat,1883,1,MR049142,512,512,0.0,4018.0,3192,0.012176513671875
/content/brain_tumor_mat/1884.mat,1884,1,MR049142,512,512,0.0,3604.0,3175,0.012111663818359375
/content/brain_tumor_mat/1885.mat,1885,1,MR048994B,512,512,0.0,6447.0,904,0.003448486328125
/content/brain_tumor_mat/1886.mat,1886,1,MR048994B,512,512,0.0,5997.0,765,0.002918243408203125
/content/brain_tumor_mat/1887.mat,1887,1,MR048994B,512,512,0.0,5842.0,1513,0.005771636962890625
/content/brain_tumor_mat/1888.mat,1888,1,MR048994B,512,512,0.0,5357.0,1362,0.00519561767578125
/content/brain_tumor_mat/1889.mat,1889,1,MR048994B,512,512,0.0,5192.0,10741,0.040973663330078125
/content/brain_tumor_mat/1890.mat,1890,1,MR048994B,512,512,0.0,5214.0,9115,0.034770965576171875
/content/brain_tumor_mat/1891.mat,1891,1,MR048994B,512,512,0.0,6168.0,9553,0.036441802978515625
/content/brain_tumor_mat/1892.mat,1892,1,MR048994B,512,512,0.0,5408.0,6563,0.025035858154296875
/content/brain_tumor_mat/1893.mat,1893,1,MR048944B,512,512,0.0,5916.0,2756,0.0105133056640625
/content/brain_tumor_mat/1894.mat,1894,1,MR048944B,512,512,0.0,6673.0,2931,0.011180877685546875
/content/brain_tumor_mat/1895.mat,1895,1,MR048944B,512,512,0.0,5882.0,4992,0.01904296875
/content/brain_tumor_mat/1896.mat,1896,1,MR048944B,512,512,0.0,6174.0,4415,0.016841888427734375
/content/brain_tumor_mat/1897.mat,1897,1,MR048944B,512,512,0.0,5628.0,2552,0.009735107421875
/content/brain_tumor_mat/1898.mat,1898,1,MR048944B,512,512,0.0,5595.0,1766,0.00673675537109375
/content/brain_tumor_mat/1899.mat,1899,1,MR049358,512,512,0.0,5717.0,731,0.002788543701171875
/content/brain_tumor_mat/1900.mat,1900,1,MR049358,512,512,0.0,6022.0,4144,0.01580810546875
/content/brain_tumor_mat/1901.mat,1901,1,MR049358,512,512,0.0,6830.0,5676,0.0216522216796875
/content/brain_tumor_mat/1902.mat,1902,1,MR049358,512,512,0.0,7157.0,8790,0.03353118896484375
/content/brain_tumor_mat/1903.mat,1903,1,MR049358,512,512,0.0,7147.0,8616,0.032867431640625
/content/brain_tumor_mat/1904.mat,1904,1,MR049358,512,512,0.0,6998.0,8925,0.034046173095703125
/content/brain_tumor_mat/1905.mat,1905,1,MR049358,512,512,0.0,6139.0,8736,0.0333251953125
/content/brain_tumor_mat/1906.mat,1906,1,MR049358,512,512,0.0,6558.0,7592,0.028961181640625
/content/brain_tumor_mat/1907.mat,1907,1,MR049358,512,512,0.0,7093.0,5299,0.020214080810546875
/content/brain_tumor_mat/1908.mat,1908,1,MR049358,512,512,0.0,5966.0,3275,0.012493133544921875
/content/brain_tumor_mat/1909.mat,1909,1,MR049104B,512,512,0.0,7374.0,1609,0.006137847900390625
/content/brain_tumor_mat/1910.mat,1910,1,MR049104B,512,512,0.0,6733.0,1901,0.007251739501953125
/content/brain_tumor_mat/1911.mat,1911,1,MR049104B,512,512,0.0,6142.0,942,0.00359344482421875
/content/brain_tumor_mat/1912.mat,1912,1,MR049104B,512,512,0.0,6788.0,7759,0.029598236083984375
/content/brain_tumor_mat/1913.mat,1913,1,MR049104B,512,512,0.0,7772.0,4322,0.01648712158203125
/content/brain_tumor_mat/1914.mat,1914,1,MR049453,512,512,0.0,9130.0,3194,0.01218414306640625
/content/brain_tumor_mat/1915.mat,1915,1,MR049453,512,512,0.0,9176.0,4692,0.0178985595703125
/content/brain_tumor_mat/1916.mat,1916,1,MR049453,512,512,0.0,8781.0,12075,0.046062469482421875
/content/brain_tumor_mat/1917.mat,1917,1,MR049453,512,512,0.0,8603.0,6827,0.026042938232421875
/content/brain_tumor_mat/1918.mat,1918,1,MR049453,512,512,0.0,8912.0,12754,0.04865264892578125
/content/brain_tumor_mat/1919.mat,1919,1,MR049453,512,512,0.0,7776.0,11540,0.0440216064453125
/content/brain_tumor_mat/1920.mat,1920,1,MR049453,512,512,0.0,8383.0,8827,0.033672332763671875
/content/brain_tumor_mat/1921.mat,1921,1,MR024780G,512,512,0.0,4096.0,3095,0.011806488037109375
/content/brain_tumor_mat/1922.mat,1922,1,MR024780G,512,512,0.0,4751.0,4393,0.016757965087890625
/content/brain_tumor_mat/1923.mat,1923,1,MR024780G,512,512,0.0,9820.0,8352,0.0318603515625
/content/brain_tumor_mat/1924.mat,1924,1,MR024780G,512,512,0.0,7193.0,6278,0.02394866943359375
/content/brain_tumor_mat/1925.mat,1925,1,MR024780G,512,512,0.0,5904.0,4542,0.01732635498046875
/content/brain_tumor_mat/1926.mat,1926,1,MR024780G,512,512,0.0,6029.0,3560,0.013580322265625
/content/brain_tumor_mat/1927.mat,1927,1,MR024780G,512,512,0.0,6617.0,2442,0.00931549072265625
/content/brain_tumor_mat/1928.mat,1928,1,MR024780G,512,512,0.0,4832.0,1931,0.007366180419921875
/content/brain_tumor_mat/1929.mat,1929,1,MR024780G,512,512,0.0,6392.0,3883,0.014812469482421875
/content/brain_tumor_mat/1930.mat,1930,1,MR024780G,512,512,0.0,6690.0,13232,0.05047607421875
/content/brain_tumor_mat/1931.mat,1931,1,MR024780G,512,512,0.0,8335.0,2831,0.010799407958984375
/content/brain_tumor_mat/1932.mat,1932,1,MR024780G,512,512,0.0,7101.0,3152,0.01202392578125
/content/brain_tumor_mat/1933.mat,1933,1,MR024780G,512,512,0.0,7405.0,5731,0.021862030029296875
/content/brain_tumor_mat/1934.mat,1934,1,MR024780G,512,512,0.0,7583.0,3790,0.01445770263671875
/content/brain_tumor_mat/1935.mat,1935,1,MR024780G,512,512,0.0,6546.0,9381,0.035785675048828125
/content/brain_tumor_mat/1936.mat,1936,1,MR024780G,512,512,0.0,8412.0,10947,0.041759490966796875
/content/brain_tumor_mat/1937.mat,1937,1,MR049453B,512,512,0.0,9199.0,15835,0.060405731201171875
/content/brain_tumor_mat/1938.mat,1938,1,MR049453B,512,512,0.0,8713.0,18742,0.07149505615234375
/content/brain_tumor_mat/1939.mat,1939,1,MR049453B,512,512,0.0,8668.0,9867,0.037639617919921875
/content/brain_tumor_mat/1940.mat,1940,1,MR049453B,512,512,0.0,7608.0,10992,0.04193115234375
/content/brain_tumor_mat/1941.mat,1941,1,MR049453B,512,512,0.0,7005.0,9349,0.035663604736328125
/content/brain_tumor_mat/1942.mat,1942,1,MR049453B,512,512,0.0,6660.0,8332,0.0317840576171875
/content/brain_tumor_mat/1943.mat,1943,1,MR049453B,512,512,0.0,6707.0,9391,0.035823822021484375
/content/brain_tumor_mat/1944.mat,1944,1,MR049453B,512,512,0.0,6216.0,5824,0.022216796875
/content/brain_tumor_mat/1945.mat,1945,1,MR048294B,512,512,0.0,6893.0,7272,0.027740478515625
/content/brain_tumor_mat/1946.mat,1946,1,MR048294B,512,512,0.0,6536.0,6376,0.024322509765625
/content/brain_tumor_mat/1947.mat,1947,1,MR048294B,512,512,0.0,6894.0,4935,0.018825531005859375
/content/brain_tumor_mat/1948.mat,1948,1,MR048621B,512,512,0.0,4750.0,4719,0.018001556396484375
/content/brain_tumor_mat/1949.mat,1949,1,MR048621B,512,512,0.0,4525.0,5589,0.021320343017578125
/content/brain_tumor_mat/1950.mat,1950,1,MR050135B,512,512,0.0,6402.0,1084,0.0041351318359375
/content/brain_tumor_mat/1951.mat,1951,1,MR050135B,512,512,0.0,6377.0,2723,0.010387420654296875
/content/brain_tumor_mat/1952.mat,1952,1,MR050135B,512,512,0.0,6421.0,4995,0.019054412841796875
/content/brain_tumor_mat/1953.mat,1953,1,MR050135B,512,512,0.0,6051.0,4139,0.015789031982421875
/content/brain_tumor_mat/1954.mat,1954,1,MR050135B,512,512,0.0,5472.0,1783,0.006801605224609375
/content/brain_tumor_mat/1955.mat,1955,1,MR050135B,512,512,0.0,5505.0,3061,0.011676788330078125
/content/brain_tumor_mat/1956.mat,1956,1,MR050135B,512,512,0.0,6760.0,3371,0.012859344482421875
/content/brain_tumor_mat/1957.mat,1957,1,MR050135B,512,512,0.0,6777.0,4038,0.01540374755859375
/content/brain_tumor_mat/1958.mat,1958,1,MR050135B,512,512,0.0,7352.0,4168,0.015899658203125
/content/brain_tumor_mat/1959.mat,1959,1,MR050135B,512,512,0.0,7602.0,786,0.00299835205078125
/content/brain_tumor_mat/1960.mat,1960,1,MR050135B,512,512,0.0,9090.0,4863,0.018550872802734375
/content/brain_tumor_mat/1961.mat,1961,1,MR050135B,512,512,0.0,7719.0,8067,0.030773162841796875
/content/brain_tumor_mat/1962.mat,1962,1,MR050135B,512,512,0.0,7608.0,8206,0.03130340576171875
/content/brain_tumor_mat/1963.mat,1963,1,MR050135B,512,512,0.0,7228.0,7023,0.026790618896484375
/content/brain_tumor_mat/1964.mat,1964,1,MR050687,512,512,0.0,6039.0,4086,0.01558685302734375
/content/brain_tumor_mat/1965.mat,1965,1,MR050687,512,512,0.0,6216.0,5609,0.021396636962890625
/content/brain_tumor_mat/1966.mat,1966,1,MR050687,512,512,0.0,6470.0,5973,0.022785186767578125
/content/brain_tumor_mat/1967.mat,1967,1,MR050687,512,512,0.0,6874.0,6523,0.024883270263671875
/content/brain_tumor_mat/1968.mat,1968,1,MR050687,512,512,0.0,7155.0,5800,0.022125244140625
/content/brain_tumor_mat/1969.mat,1969,1,MR050687,512,512,0.0,6753.0,3352,0.012786865234375
/content/brain_tumor_mat/1970.mat,1970,1,MR050687,512,512,0.0,6074.0,8008,0.030548095703125
/content/brain_tumor_mat/1971.mat,1971,1,MR050687,512,512,0.0,5636.0,7034,0.02683258056640625
/content/brain_tumor_mat/1972.mat,1972,1,MR050687,512,512,0.0,5344.0,3568,0.01361083984375
/content/brain_tumor_mat/1973.mat,1973,1,MR050687,512,512,0.0,5538.0,2164,0.0082550048828125
/content/brain_tumor_mat/1974.mat,1974,1,MR050791B,512,512,0.0,4063.0,909,0.003467559814453125
/content/brain_tumor_mat/1975.mat,1975,1,MR050791B,512,512,0.0,4692.0,1730,0.00659942626953125
/content/brain_tumor_mat/1976.mat,1976,1,MR050791B,512,512,0.0,4474.0,2902,0.01107025146484375
/content/brain_tumor_mat/1977.mat,1977,1,MR050791B,512,512,0.0,5006.0,3345,0.012760162353515625
/content/brain_tumor_mat/1978.mat,1978,1,MR050791B,512,512,0.0,4590.0,6302,0.02404022216796875
/content/brain_tumor_mat/1979.mat,1979,1,MR050791B,512,512,0.0,4538.0,5311,0.020259857177734375
/content/brain_tumor_mat/1980.mat,1980,1,MR050791B,512,512,0.0,4046.0,4537,0.017307281494140625
/content/brain_tumor_mat/1981.mat,1981,1,MR050791B,512,512,0.0,4285.0,3149,0.012012481689453125
/content/brain_tumor_mat/1982.mat,1982,1,MR050791B,512,512,0.0,4131.0,6522,0.02487945556640625
/content/brain_tumor_mat/1983.mat,1983,1,MR050791B,512,512,0.0,3706.0,3244,0.0123748779296875
/content/brain_tumor_mat/1984.mat,1984,1,MR049019C,512,512,0.0,5176.0,1001,0.003818511962890625
/content/brain_tumor_mat/1985.mat,1985,1,MR049019C,512,512,0.0,4829.0,1850,0.00705718994140625
/content/brain_tumor_mat/1986.mat,1986,1,MR049019C,512,512,0.0,4950.0,3061,0.011676788330078125
/content/brain_tumor_mat/1987.mat,1987,1,MR026175C,512,512,0.0,4879.0,1991,0.007595062255859375
/content/brain_tumor_mat/1988.mat,1988,1,MR026175C,512,512,0.0,4475.0,1729,0.006595611572265625
/content/brain_tumor_mat/1989.mat,1989,1,MR026175C,512,512,0.0,4372.0,3036,0.0115814208984375
/content/brain_tumor_mat/1990.mat,1990,1,MR026175C,512,512,0.0,4283.0,9377,0.035770416259765625
/content/brain_tumor_mat/1991.mat,1991,1,MR026175C,512,512,0.0,4091.0,6384,0.02435302734375
/content/brain_tumor_mat/1992.mat,1992,1,MR026175C,512,512,0.0,4257.0,6467,0.024669647216796875
/content/brain_tumor_mat/1993.mat,1993,1,MR026175C,512,512,0.0,4106.0,5938,0.02265167236328125
/content/brain_tumor_mat/1994.mat,1994,1,MR026175C,512,512,0.0,5150.0,4785,0.018253326416015625
/content/brain_tumor_mat/1995.mat,1995,1,MR026175C,512,512,0.0,5062.0,3104,0.0118408203125
/content/brain_tumor_mat/1996.mat,1996,1,MR026175C,512,512,0.0,4565.0,3539,0.013500213623046875
/content/brain_tumor_mat/1997.mat,1997,1,MR026175C,512,512,0.0,4539.0,3380,0.0128936767578125
/content/brain_tumor_mat/1998.mat,1998,1,MR051461,512,512,0.0,7003.0,1832,0.006988525390625
/content/brain_tumor_mat/1999.mat,1999,1,MR051461,512,512,0.0,7890.0,3771,0.014385223388671875
/content/brain_tumor_mat/2000.mat,2000,1,MR051461,512,512,0.0,7267.0,6441,0.024570465087890625
/content/brain_tumor_mat/2001.mat,2001,1,MR051461,512,512,0.0,8084.0,7812,0.0298004150390625
/content/brain_tumor_mat/2002.mat,2002,1,MR051461,512,512,0.0,7638.0,5931,0.022624969482421875
/content/brain_tumor_mat/2003.mat,2003,1,MR051461,512,512,0.0,5780.0,5244,0.0200042724609375
/content/brain_tumor_mat/2004.mat,2004,1,MR051461,512,512,0.0,5084.0,3633,0.013858795166015625
/content/brain_tumor_mat/2005.mat,2005,1,MR051586,512,512,0.0,9052.0,2596,0.0099029541015625
/content/brain_tumor_mat/2006.mat,2006,1,MR051586,512,512,0.0,9700.0,5863,0.022365570068359375
/content/brain_tumor_mat/2007.mat,2007,1,MR051586,512,512,0.0,10144.0,7956,0.0303497314453125
/content/brain_tumor_mat/2008.mat,2008,1,MR051586,512,512,0.0,9092.0,9033,0.034458160400390625
/content/brain_tumor_mat/2009.mat,2009,1,MR051586,512,512,0.0,9420.0,8715,0.033245086669921875
/content/brain_tumor_mat/2010.mat,2010,1,MR051586,512,512,0.0,8641.0,7555,0.028820037841796875
/content/brain_tumor_mat/2011.mat,2011,1,MR051586,512,512,0.0,7342.0,5619,0.021434783935546875
/content/brain_tumor_mat/2012.mat,2012,1,MR051461B,512,512,0.0,6982.0,3950,0.01506805419921875
/content/brain_tumor_mat/2013.mat,2013,1,MR051461B,512,512,0.0,6362.0,3034,0.01157379150390625
/content/brain_tumor_mat/2014.mat,2014,1,MR051461B,512,512,0.0,6352.0,7847,0.029933929443359375
/content/brain_tumor_mat/2015.mat,2015,1,MR051461B,512,512,0.0,5413.0,5615,0.021419525146484375
/content/brain_tumor_mat/2016.mat,2016,1,MR051461B,512,512,0.0,4750.0,6742,0.02571868896484375
/content/brain_tumor_mat/2017.mat,2017,1,MR051644,512,512,0.0,4402.0,5197,0.019824981689453125
/content/brain_tumor_mat/2018.mat,2018,1,MR051644,512,512,0.0,4279.0,371,0.001415252685546875
/content/brain_tumor_mat/2019.mat,2019,1,MR051644,512,512,0.0,4991.0,7547,0.028789520263671875
/content/brain_tumor_mat/2020.mat,2020,1,MR051644,512,512,0.0,4234.0,6539,0.024944305419921875
/content/brain_tumor_mat/2021.mat,2021,1,MR051644,512,512,0.0,4168.0,2898,0.01105499267578125
/content/brain_tumor_mat/2022.mat,2022,1,MR051644,512,512,0.0,3941.0,7005,0.026721954345703125
/content/brain_tumor_mat/2023.mat,2023,1,MR051644,512,512,0.0,3326.0,3568,0.01361083984375
/content/brain_tumor_mat/2024.mat,2024,1,MR051644,512,512,0.0,4491.0,1259,0.004802703857421875
/content/brain_tumor_mat/2025.mat,2025,1,MR051644,512,512,0.0,5399.0,1319,0.005031585693359375
/content/brain_tumor_mat/2026.mat,2026,1,MR051644,512,512,0.0,4355.0,1771,0.006755828857421875
/content/brain_tumor_mat/2027.mat,2027,1,MR051644,512,512,0.0,5477.0,2803,0.010692596435546875
/content/brain_tumor_mat/2028.mat,2028,1,MR051644,512,512,0.0,5795.0,2502,0.00954437255859375
/content/brain_tumor_mat/2029.mat,2029,1,MR051644,512,512,0.0,5606.0,3253,0.012409210205078125
/content/brain_tumor_mat/2030.mat,2030,1,MR051644,512,512,0.0,4749.0,5975,0.022792816162109375
/content/brain_tumor_mat/2031.mat,2031,1,MR051644,512,512,0.0,4983.0,7269,0.027729034423828125
/content/brain_tumor_mat/2032.mat,2032,1,MR051651,512,512,0.0,5311.0,1984,0.007568359375
/content/brain_tumor_mat/2033.mat,2033,1,MR051651,512,512,0.0,4691.0,4187,0.015972137451171875
/content/brain_tumor_mat/2034.mat,2034,1,MR051651,512,512,0.0,5115.0,5749,0.021930694580078125
/content/brain_tumor_mat/2035.mat,2035,1,MR051651,512,512,0.0,4524.0,6410,0.02445220947265625
/content/brain_tumor_mat/2036.mat,2036,1,MR051651,512,512,0.0,3885.0,4809,0.018344879150390625
/content/brain_tumor_mat/2037.mat,2037,1,MR051651,512,512,0.0,3622.0,3675,0.014019012451171875
/content/brain_tumor_mat/2038.mat,2038,1,MR051796,512,512,0.0,6889.0,3378,0.01288604736328125
/content/brain_tumor_mat/2039.mat,2039,1,MR051796,512,512,0.0,7305.0,4421,0.016864776611328125
/content/brain_tumor_mat/2040.mat,2040,1,MR051796,512,512,0.0,6222.0,8144,0.03106689453125
/content/brain_tumor_mat/2041.mat,2041,1,MR051796,512,512,0.0,5951.0,8598,0.03279876708984375
/content/brain_tumor_mat/2042.mat,2042,1,MR051796,512,512,0.0,4866.0,6991,0.026668548583984375
/content/brain_tumor_mat/2043.mat,2043,1,MR051796,512,512,0.0,5603.0,4514,0.01721954345703125
/content/brain_tumor_mat/2044.mat,2044,1,MR051796,512,512,0.0,4534.0,5373,0.020496368408203125
/content/brain_tumor_mat/2045.mat,2045,1,MR051651B,512,512,0.0,4906.0,5322,0.02030181884765625
/content/brain_tumor_mat/2046.mat,2046,1,MR051651B,512,512,0.0,4907.0,5505,0.020999908447265625
/content/brain_tumor_mat/2047.mat,2047,1,MR051651B,512,512,0.0,4947.0,7921,0.030216217041015625
/content/brain_tumor_mat/2048.mat,2048,1,MR051651B,512,512,0.0,4649.0,8113,0.030948638916015625
/content/brain_tumor_mat/2049.mat,2049,1,MR051651B,512,512,0.0,4791.0,4791,0.018276214599609375
/content/brain_tumor_mat/2050.mat,2050,1,MR051651B,512,512,0.0,4024.0,2397,0.009143829345703125
/content/brain_tumor_mat/2051.mat,2051,1,MR051644B,512,512,0.0,7260.0,13873,0.052921295166015625
/content/brain_tumor_mat/2052.mat,2052,1,MR051644B,512,512,0.0,7185.0,10963,0.041820526123046875
/content/brain_tumor_mat/2053.mat,2053,1,MR051644B,512,512,0.0,8607.0,11839,0.045162200927734375
/content/brain_tumor_mat/2054.mat,2054,1,MR051644B,512,512,0.0,6938.0,14597,0.055683135986328125
/content/brain_tumor_mat/2055.mat,2055,1,MR051644B,512,512,0.0,7676.0,3439,0.013118743896484375
/content/brain_tumor_mat/2056.mat,2056,1,MR051644B,512,512,0.0,5731.0,9288,0.035430908203125
/content/brain_tumor_mat/2057.mat,2057,1,MR051644B,512,512,0.0,6346.0,6605,0.025196075439453125
/content/brain_tumor_mat/2058.mat,2058,1,MR051796B,512,512,0.0,6694.0,334,0.00127410888671875
/content/brain_tumor_mat/2059.mat,2059,1,MR051796B,512,512,0.0,6061.0,1764,0.0067291259765625
/content/brain_tumor_mat/2060.mat,2060,1,MR051796B,512,512,0.0,7000.0,1834,0.00699615478515625
/content/brain_tumor_mat/2061.mat,2061,1,MR052550,512,512,0.0,6041.0,2419,0.009227752685546875
/content/brain_tumor_mat/2062.mat,2062,1,MR052550,512,512,0.0,8437.0,3278,0.01250457763671875
/content/brain_tumor_mat/2063.mat,2063,1,MR052550,512,512,0.0,6482.0,4115,0.015697479248046875
/content/brain_tumor_mat/2064.mat,2064,1,MR052550,512,512,0.0,7070.0,3652,0.0139312744140625
/content/brain_tumor_mat/2065.mat,2065,1,MR051644C,512,512,0.0,6063.0,2027,0.007732391357421875
/content/brain_tumor_mat/2066.mat,2066,1,MR051644C,512,512,0.0,7495.0,2529,0.009647369384765625
/content/brain_tumor_mat/2067.mat,2067,1,MR051644C,512,512,0.0,6240.0,3702,0.01412200927734375
/content/brain_tumor_mat/2068.mat,2068,1,MR051644C,512,512,0.0,7084.0,2286,0.00872039794921875
/content/brain_tumor_mat/2069.mat,2069,1,MR051644C,512,512,0.0,5956.0,3682,0.01404571533203125
/content/brain_tumor_mat/2070.mat,2070,1,MR051644C,512,512,0.0,5932.0,4897,0.018680572509765625
/content/brain_tumor_mat/2071.mat,2071,1,MR051644C,512,512,0.0,6368.0,4753,0.018131256103515625
/content/brain_tumor_mat/2072.mat,2072,1,MR051644C,512,512,0.0,6781.0,4749,0.018115997314453125
/content/brain_tumor_mat/2073.mat,2073,1,MR051644C,512,512,0.0,6164.0,11411,0.043529510498046875
/content/brain_tumor_mat/2074.mat,2074,1,MR051644C,512,512,0.0,8148.0,14849,0.056644439697265625
/content/brain_tumor_mat/2075.mat,2075,1,MR051644C,512,512,0.0,7847.0,17472,0.066650390625
/content/brain_tumor_mat/2076.mat,2076,1,MR051644C,512,512,0.0,7907.0,14542,0.05547332763671875
/content/brain_tumor_mat/2077.mat,2077,1,MR049942B,512,512,0.0,7423.0,5717,0.021808624267578125
/content/brain_tumor_mat/2078.mat,2078,1,MR049942B,512,512,0.0,7478.0,7485,0.028553009033203125
/content/brain_tumor_mat/2079.mat,2079,1,MR049942B,512,512,0.0,7490.0,3969,0.015140533447265625
/content/brain_tumor_mat/2080.mat,2080,1,MR052585B,512,512,0.0,7450.0,443,0.001689910888671875
/content/brain_tumor_mat/2081.mat,2081,1,MR052585B,512,512,0.0,7589.0,960,0.003662109375
/content/brain_tumor_mat/2082.mat,2082,1,MR052585B,512,512,0.0,8814.0,1757,0.006702423095703125
/content/brain_tumor_mat/2083.mat,2083,1,MR047953C,512,512,0.0,8466.0,1295,0.004940032958984375
/content/brain_tumor_mat/2084.mat,2084,1,MR047953C,512,512,0.0,8715.0,10550,0.04024505615234375
/content/brain_tumor_mat/2085.mat,2085,1,MR047953C,512,512,0.0,8830.0,3832,0.014617919921875
/content/brain_tumor_mat/2086.mat,2086,1,MR047953C,512,512,0.0,10939.0,2476,0.0094451904296875
/content/brain_tumor_mat/2087.mat,2087,1,MR053110B,512,512,0.0,8561.0,7249,0.027652740478515625
/content/brain_tumor_mat/2088.mat,2088,1,MR053110B,512,512,0.0,10597.0,7930,0.03025054931640625
/content/brain_tumor_mat/2089.mat,2089,1,MR053110B,512,512,0.0,12185.0,13927,0.053127288818359375
/content/brain_tumor_mat/2090.mat,2090,1,MR053110B,512,512,0.0,10372.0,13492,0.0514678955078125
/content/brain_tumor_mat/2091.mat,2091,1,MR053110B,512,512,0.0,9730.0,10309,0.039325714111328125
/content/brain_tumor_mat/2092.mat,2092,1,MR053110B,512,512,0.0,8883.0,3808,0.0145263671875
/content/brain_tumor_mat/2093.mat,2093,1,MR034694,512,512,0.0,2789.0,1618,0.00617218017578125
/content/brain_tumor_mat/2094.mat,2094,1,MR034694,512,512,0.0,3009.0,4581,0.017475128173828125
/content/brain_tumor_mat/2095.mat,2095,1,MR034694,512,512,0.0,2922.0,7306,0.02787017822265625
/content/brain_tumor_mat/2096.mat,2096,1,MR034694,512,512,0.0,2321.0,4476,0.0170745849609375
/content/brain_tumor_mat/2097.mat,2097,1,MR054683,512,512,0.0,6971.0,327,0.001247406005859375
/content/brain_tumor_mat/2098.mat,2098,1,MR054683,512,512,0.0,8260.0,3472,0.01324462890625
/content/brain_tumor_mat/2099.mat,2099,1,MR054683,512,512,0.0,8481.0,357,0.001361846923828125
/content/brain_tumor_mat/2100.mat,2100,1,MR054875,512,512,0.0,7401.0,674,0.00257110595703125
/content/brain_tumor_mat/2101.mat,2101,1,MR054875,512,512,0.0,6183.0,1597,0.006092071533203125
/content/brain_tumor_mat/2102.mat,2102,1,MR054875,512,512,0.0,7146.0,1096,0.004180908203125
/content/brain_tumor_mat/2103.mat,2103,1,MR054875,512,512,0.0,7409.0,335,0.001277923583984375
/content/brain_tumor_mat/2104.mat,2104,1,MR050687C,512,512,0.0,7488.0,5329,0.020328521728515625
/content/brain_tumor_mat/2105.mat,2105,1,MR050687C,512,512,0.0,7737.0,6371,0.024303436279296875
/content/brain_tumor_mat/2106.mat,2106,1,MR050687C,512,512,0.0,8679.0,7973,0.030414581298828125
/content/brain_tumor_mat/2107.mat,2107,1,MR050687C,512,512,0.0,8533.0,8635,0.032939910888671875
/content/brain_tumor_mat/2108.mat,2108,1,MR050687C,512,512,0.0,8672.0,6562,0.02503204345703125
/content/brain_tumor_mat/2109.mat,2109,1,MR056144,512,512,0.0,6069.0,1106,0.00421905517578125
/content/brain_tumor_mat/2110.mat,2110,1,MR056144,512,512,0.0,5775.0,1444,0.0055084228515625
/content/brain_tumor_mat/2111.mat,2111,1,MR056144,512,512,0.0,5751.0,1551,0.005916595458984375
/content/brain_tumor_mat/2112.mat,2112,1,MR034997,512,512,0.0,2815.0,2091,0.007976531982421875
/content/brain_tumor_mat/2113.mat,2113,1,MR034997,512,512,0.0,2789.0,4643,0.017711639404296875
/content/brain_tumor_mat/2114.mat,2114,1,MR034997,512,512,0.0,3058.0,5232,0.01995849609375
/content/brain_tumor_mat/2115.mat,2115,1,MR034997,512,512,0.0,3385.0,5540,0.0211334228515625
/content/brain_tumor_mat/2116.mat,2116,1,MR034997,512,512,0.0,3642.0,4419,0.016857147216796875
/content/brain_tumor_mat/2117.mat,2117,1,MR034997,512,512,0.0,3455.0,3943,0.015041351318359375
/content/brain_tumor_mat/2118.mat,2118,1,MR034997,512,512,0.0,3713.0,1289,0.004917144775390625
/content/brain_tumor_mat/2119.mat,2119,1,MR029209E,512,512,0.0,3747.0,1016,0.003875732421875
/content/brain_tumor_mat/2120.mat,2120,1,MR029209E,512,512,0.0,3486.0,1511,0.005764007568359375
/content/brain_tumor_mat/2121.mat,2121,1,MR029209E,512,512,0.0,3718.0,412,0.0015716552734375
/content/brain_tumor_mat/2122.mat,2122,1,MR029209E,512,512,0.0,3611.0,6349,0.024219512939453125
/content/brain_tumor_mat/2123.mat,2123,1,MR029209E,512,512,0.0,3409.0,7222,0.02754974365234375
/content/brain_tumor_mat/2124.mat,2124,1,MR029209E,512,512,0.0,3213.0,8546,0.03260040283203125
/content/brain_tumor_mat/2125.mat,2125,1,MR029209E,512,512,0.0,3748.0,6821,0.026020050048828125
/content/brain_tumor_mat/2126.mat,2126,1,MR029209E,512,512,0.0,3530.0,7928,0.030242919921875
/content/brain_tumor_mat/2127.mat,2127,1,MR029209E,512,512,0.0,2779.0,7725,0.029468536376953125
/content/brain_tumor_mat/2128.mat,2128,1,MR053110E,512,512,0.0,9263.0,3750,0.01430511474609375
/content/brain_tumor_mat/2129.mat,2129,1,MR053110E,512,512,0.0,8860.0,7516,0.0286712646484375
/content/brain_tumor_mat/2130.mat,2130,1,MR053110E,512,512,0.0,8293.0,8998,0.03432464599609375
/content/brain_tumor_mat/2131.mat,2131,1,MR053110E,512,512,0.0,10422.0,8938,0.03409576416015625
/content/brain_tumor_mat/2132.mat,2132,1,MR053110E,512,512,0.0,8921.0,17983,0.06859970092773438
/content/brain_tumor_mat/2133.mat,2133,1,MR053110E,512,512,0.0,7866.0,8621,0.032886505126953125
/content/brain_tumor_mat/2134.mat,2134,1,MR049019G,512,512,0.0,7072.0,6494,0.02477264404296875
/content/brain_tumor_mat/2135.mat,2135,1,MR049019G,512,512,0.0,7685.0,11962,0.04563140869140625
/content/brain_tumor_mat/2136.mat,2136,1,MR049019G,512,512,0.0,6697.0,3960,0.015106201171875
/content/brain_tumor_mat/2137.mat,2137,1,MR049019G,512,512,0.0,7020.0,4582,0.01747894287109375
/content/brain_tumor_mat/2138.mat,2138,1,MR049019G,512,512,0.0,6078.0,7096,0.027069091796875
/content/brain_tumor_mat/2139.mat,2139,1,MR049019G,512,512,0.0,5767.0,4247,0.016201019287109375
/content/brain_tumor_mat/2140.mat,2140,1,MR049019G,512,512,0.0,6404.0,5090,0.01941680908203125
/content/brain_tumor_mat/2141.mat,2141,1,MR031409B,512,512,0.0,2668.0,844,0.0032196044921875
/content/brain_tumor_mat/2142.mat,2142,1,MR031409B,512,512,0.0,2398.0,1009,0.003849029541015625
/content/brain_tumor_mat/2143.mat,2143,1,MR031409B,512,512,0.0,2662.0,5519,0.021053314208984375
/content/brain_tumor_mat/2144.mat,2144,1,MR024780D,512,512,0.0,3938.0,1453,0.005542755126953125
/content/brain_tumor_mat/2145.mat,2145,1,MR024780D,512,512,0.0,3295.0,1607,0.006130218505859375
/content/brain_tumor_mat/2146.mat,2146,1,MR038469,512,512,0.0,3340.0,631,0.002407073974609375
/content/brain_tumor_mat/2147.mat,2147,1,MR038469,512,512,0.0,3282.0,3336,0.012725830078125
/content/brain_tumor_mat/2148.mat,2148,1,MR038469,512,512,0.0,3401.0,1644,0.0062713623046875
/content/brain_tumor_mat/2149.mat,2149,1,MR038469,512,512,0.0,3308.0,1298,0.00495147705078125
/content/brain_tumor_mat/2150.mat,2150,1,MR038469,512,512,0.0,3454.0,697,0.002658843994140625
/content/brain_tumor_mat/2151.mat,2151,1,MR038469,512,512,0.0,4043.0,932,0.0035552978515625
/content/brain_tumor_mat/2152.mat,2152,1,MR038469,512,512,0.0,4347.0,768,0.0029296875
/content/brain_tumor_mat/2153.mat,2153,1,MR032322C,512,512,0.0,5140.0,880,0.00335693359375
/content/brain_tumor_mat/2154.mat,2154,1,MR032322C,512,512,0.0,5729.0,1141,0.004352569580078125
/content/brain_tumor_mat/2155.mat,2155,1,MR032322C,512,512,0.0,7261.0,2487,0.009487152099609375
/content/brain_tumor_mat/2156.mat,2156,1,MR032322C,512,512,0.0,6167.0,6574,0.02507781982421875
/content/brain_tumor_mat/2157.mat,2157,1,MR032322C,512,512,0.0,6125.0,3295,0.012569427490234375
/content/brain_tumor_mat/2158.mat,2158,1,MR032322C,512,512,0.0,5613.0,1117,0.004261016845703125
/content/brain_tumor_mat/2159.mat,2159,1,MR032322C,512,512,0.0,5986.0,2069,0.007892608642578125
/content/brain_tumor_mat/2160.mat,2160,1,MR032322C,512,512,0.0,6626.0,3156,0.0120391845703125
/content/brain_tumor_mat/2161.mat,2161,1,MR032322C,512,512,0.0,6562.0,7736,0.029510498046875
/content/brain_tumor_mat/2162.mat,2162,1,MR032322C,512,512,0.0,7593.0,13024,0.0496826171875
/content/brain_tumor_mat/2163.mat,2163,1,MR032322C,512,512,0.0,7611.0,14033,0.053531646728515625
/content/brain_tumor_mat/2164.mat,2164,1,MR032322C,512,512,0.0,7313.0,14855,0.056667327880859375
/content/brain_tumor_mat/2165.mat,2165,1,MR032322C,512,512,0.0,6523.0,12186,0.04648590087890625
/content/brain_tumor_mat/2166.mat,2166,1,MR037458B,512,512,0.0,6317.0,2998,0.01143646240234375
/content/brain_tumor_mat/2167.mat,2167,1,MR037458B,512,512,0.0,6572.0,3760,0.01434326171875
/content/brain_tumor_mat/2168.mat,2168,1,MR037458B,512,512,0.0,5921.0,720,0.00274658203125
/content/brain_tumor_mat/2169.mat,2169,1,MR037458B,512,512,0.0,6818.0,1368,0.005218505859375
/content/brain_tumor_mat/2170.mat,2170,1,MR037458B,512,512,0.0,6594.0,1870,0.00713348388671875
/content/brain_tumor_mat/2171.mat,2171,1,MR037458B,512,512,0.0,6714.0,5231,0.019954681396484375
/content/brain_tumor_mat/2172.mat,2172,1,MR037458B,512,512,0.0,5735.0,4110,0.01567840576171875
/content/brain_tumor_mat/2173.mat,2173,1,MR037458B,512,512,0.0,6012.0,4453,0.016986846923828125
/content/brain_tumor_mat/2174.mat,2174,1,MR039473,512,512,0.0,11700.0,5436,0.0207366943359375
/content/brain_tumor_mat/2175.mat,2175,1,MR039473,512,512,0.0,12728.0,4908,0.0187225341796875
/content/brain_tumor_mat/2176.mat,2176,1,MR039473,512,512,0.0,11873.0,5014,0.01912689208984375
/content/brain_tumor_mat/2177.mat,2177,1,MR039473,512,512,0.0,12230.0,5281,0.020145416259765625
/content/brain_tumor_mat/2178.mat,2178,1,MR039473,512,512,0.0,12014.0,10161,0.038761138916015625
/content/brain_tumor_mat/2179.mat,2179,1,MR039473B,512,512,0.0,8343.0,5752,0.021942138671875
/content/brain_tumor_mat/2180.mat,2180,1,MR039473B,512,512,0.0,8330.0,6685,0.025501251220703125
/content/brain_tumor_mat/2181.mat,2181,1,MR039473B,512,512,0.0,9483.0,4425,0.016880035400390625
/content/brain_tumor_mat/2182.mat,2182,1,MR039473B,512,512,0.0,8839.0,5706,0.02176666259765625
/content/brain_tumor_mat/2183.mat,2183,1,MR039473B,512,512,0.0,8696.0,13888,0.052978515625
/content/brain_tumor_mat/2184.mat,2184,1,MR039473B,512,512,0.0,8231.0,8534,0.03255462646484375
/content/brain_tumor_mat/2185.mat,2185,1,MR039473B,512,512,0.0,9896.0,2679,0.010219573974609375
/content/brain_tumor_mat/2186.mat,2186,1,MR037458C,512,512,0.0,8930.0,1940,0.0074005126953125
/content/brain_tumor_mat/2187.mat,2187,1,MR037458C,512,512,0.0,10315.0,4101,0.015644073486328125
/content/brain_tumor_mat/2188.mat,2188,1,MR037458C,512,512,0.0,8948.0,6002,0.02289581298828125
/content/brain_tumor_mat/2189.mat,2189,1,MR037458C,512,512,0.0,9501.0,7380,0.0281524658203125
/content/brain_tumor_mat/2190.mat,2190,1,MR037458C,512,512,0.0,9786.0,12239,0.046688079833984375
/content/brain_tumor_mat/2191.mat,2191,1,MR037458C,512,512,0.0,10036.0,9701,0.037006378173828125
/content/brain_tumor_mat/2192.mat,2192,1,MR037458C,512,512,0.0,8576.0,9685,0.036945343017578125
/content/brain_tumor_mat/2193.mat,2193,1,MR037458C,512,512,0.0,8828.0,6814,0.02599334716796875
/content/brain_tumor_mat/2194.mat,2194,1,MR037458C,512,512,0.0,7890.0,5145,0.019626617431640625
/content/brain_tumor_mat/2195.mat,2195,1,MR037458C,512,512,0.0,9883.0,2561,0.009769439697265625
/content/brain_tumor_mat/2196.mat,2196,1,MR040240,512,512,0.0,6972.0,1910,0.00728607177734375
/content/brain_tumor_mat/2197.mat,2197,1,MR040240,512,512,0.0,7795.0,2718,0.01036834716796875
/content/brain_tumor_mat/2198.mat,2198,1,MR040240,512,512,0.0,7552.0,8030,0.03063201904296875
/content/brain_tumor_mat/2199.mat,2199,1,MR040240,512,512,0.0,8892.0,7415,0.028285980224609375
/content/brain_tumor_mat/2200.mat,2200,1,MR040240,512,512,0.0,8648.0,6553,0.024997711181640625
/content/brain_tumor_mat/2201.mat,2201,1,MR040240,512,512,0.0,9739.0,5506,0.02100372314453125
/content/brain_tumor_mat/2202.mat,2202,1,MR040240,512,512,0.0,9149.0,8768,0.033447265625
/content/brain_tumor_mat/2203.mat,2203,1,MR040240,512,512,0.0,8292.0,6703,0.025569915771484375
/content/brain_tumor_mat/2204.mat,2204,1,MR040240,512,512,0.0,7168.0,4210,0.01605987548828125
/content/brain_tumor_mat/2205.mat,2205,1,MR040240,512,512,0.0,7380.0,2287,0.008724212646484375
/content/brain_tumor_mat/2206.mat,2206,1,MR040240B,512,512,0.0,7967.0,1149,0.004383087158203125
/content/brain_tumor_mat/2207.mat,2207,1,MR040240B,512,512,0.0,9177.0,1716,0.0065460205078125
/content/brain_tumor_mat/2208.mat,2208,1,MR040240B,512,512,0.0,9717.0,8015,0.030574798583984375
/content/brain_tumor_mat/2209.mat,2209,1,MR040240B,512,512,0.0,10494.0,6027,0.022991180419921875
/content/brain_tumor_mat/2210.mat,2210,1,MR040240B,512,512,0.0,10778.0,9674,0.03690338134765625
/content/brain_tumor_mat/2211.mat,2211,1,MR040240B,512,512,0.0,10076.0,7088,0.02703857421875
/content/brain_tumor_mat/2212.mat,2212,1,MR040240B,512,512,0.0,10008.0,6646,0.02535247802734375
/content/brain_tumor_mat/2213.mat,2213,1,MR040240B,512,512,0.0,10950.0,6285,0.023975372314453125
/content/brain_tumor_mat/2214.mat,2214,1,MR040240B,512,512,0.0,9247.0,3461,0.013202667236328125
/content/brain_tumor_mat/2215.mat,2215,1,MR040240B,512,512,0.0,9858.0,1555,0.005931854248046875
/content/brain_tumor_mat/2216.mat,2216,1,MR029209G,512,512,0.0,9598.0,4349,0.016590118408203125
/content/brain_tumor_mat/2217.mat,2217,1,MR029209G,512,512,0.0,9439.0,5720,0.021820068359375
/content/brain_tumor_mat/2218.mat,2218,1,MR029209G,512,512,0.0,9380.0,4051,0.015453338623046875
/content/brain_tumor_mat/2219.mat,2219,1,MR029209G,512,512,0.0,9909.0,9756,0.0372161865234375
/content/brain_tumor_mat/2220.mat,2220,1,MR029209G,512,512,0.0,9443.0,10078,0.03844451904296875
/content/brain_tumor_mat/2221.mat,2221,1,MR029209G,512,512,0.0,7608.0,6582,0.02510833740234375
/content/brain_tumor_mat/2222.mat,2222,1,MR029209G,512,512,0.0,7708.0,6278,0.02394866943359375
/content/brain_tumor_mat/2223.mat,2223,1,MR029209G,512,512,0.0,6446.0,7736,0.029510498046875
/content/brain_tumor_mat/2224.mat,2224,1,MR036496B,512,512,0.0,8777.0,2342,0.00893402099609375
/content/brain_tumor_mat/2225.mat,2225,1,MR036496B,512,512,0.0,6860.0,6971,0.026592254638671875
/content/brain_tumor_mat/2226.mat,2226,1,MR036496B,512,512,0.0,8301.0,5834,0.02225494384765625
/content/brain_tumor_mat/2227.mat,2227,1,MR036496B,512,512,0.0,6176.0,4593,0.017520904541015625
/content/brain_tumor_mat/2228.mat,2228,1,MR036496B,512,512,0.0,6793.0,2933,0.011188507080078125
/content/brain_tumor_mat/2229.mat,2229,1,MR036496B,512,512,0.0,5834.0,1138,0.00434112548828125
/content/brain_tumor_mat/2230.mat,2230,1,MR033420,512,512,0.0,4839.0,11935,0.045528411865234375
/content/brain_tumor_mat/2231.mat,2231,1,MR033420,512,512,0.0,5076.0,6603,0.025188446044921875
/content/brain_tumor_mat/2232.mat,2232,1,MR033420,512,512,0.0,5295.0,7653,0.029193878173828125
/content/brain_tumor_mat/2233.mat,2233,1,MR033420,512,512,0.0,5396.0,4674,0.01782989501953125
/content/brain_tumor_mat/2234.mat,2234,1,MR033420,512,512,0.0,5715.0,4451,0.016979217529296875
/content/brain_tumor_mat/2235.mat,2235,1,MR033420,512,512,0.0,4832.0,7523,0.028697967529296875
/content/brain_tumor_mat/2236.mat,2236,1,MR033420,512,512,0.0,5070.0,6616,0.025238037109375
/content/brain_tumor_mat/2237.mat,2237,1,MR024780B,512,512,0.0,4993.0,1584,0.00604248046875
/content/brain_tumor_mat/2238.mat,2238,1,MR024780B,512,512,0.0,5234.0,5280,0.0201416015625
/content/brain_tumor_mat/2239.mat,2239,1,MR024780B,512,512,0.0,4711.0,5766,0.02199554443359375
/content/brain_tumor_mat/2240.mat,2240,1,MR024780B,512,512,0.0,4061.0,2959,0.011287689208984375
/content/brain_tumor_mat/2241.mat,2241,1,MR033389B,512,512,0.0,3371.0,7945,0.030307769775390625
/content/brain_tumor_mat/2242.mat,2242,1,MR048994,512,512,0.0,3806.0,8204,0.0312957763671875
/content/brain_tumor_mat/2243.mat,2243,1,MR048994,512,512,0.0,4304.0,5355,0.020427703857421875
/content/brain_tumor_mat/2244.mat,2244,1,MR049104,512,512,0.0,5167.0,1235,0.004711151123046875
/content/brain_tumor_mat/2245.mat,2245,1,MR049104,512,512,0.0,4129.0,1684,0.0064239501953125
/content/brain_tumor_mat/2246.mat,2246,1,MR049104,512,512,0.0,3839.0,1781,0.006793975830078125
/content/brain_tumor_mat/2247.mat,2247,1,MR049142,512,512,0.0,2623.0,2835,0.010814666748046875
/content/brain_tumor_mat/2248.mat,2248,1,MR049142,512,512,0.0,2806.0,3501,0.013355255126953125
/content/brain_tumor_mat/2249.mat,2249,1,MR049142,512,512,0.0,2797.0,3331,0.012706756591796875
/content/brain_tumor_mat/2250.mat,2250,1,MR048994B,512,512,0.0,4178.0,4595,0.017528533935546875
/content/brain_tumor_mat/2251.mat,2251,1,MR048994B,512,512,0.0,4166.0,5583,0.021297454833984375
/content/brain_tumor_mat/2252.mat,2252,1,MR048994B,512,512,0.0,4208.0,5719,0.021816253662109375
/content/brain_tumor_mat/2253.mat,2253,1,MR048994B,512,512,0.0,4234.0,2497,0.009525299072265625
/content/brain_tumor_mat/2254.mat,2254,1,MR048944B,512,512,0.0,3556.0,6622,0.02526092529296875
/content/brain_tumor_mat/2255.mat,2255,1,MR048944B,512,512,0.0,4049.0,8534,0.03255462646484375
/content/brain_tumor_mat/2256.mat,2256,1,MR048944B,512,512,0.0,3833.0,8496,0.03240966796875
/content/brain_tumor_mat/2257.mat,2257,1,MR048944B,512,512,0.0,4139.0,4980,0.0189971923828125
/content/brain_tumor_mat/2258.mat,2258,1,MR048944B,512,512,0.0,3895.0,5458,0.02082061767578125
/content/brain_tumor_mat/2259.mat,2259,1,MR048944B,512,512,0.0,4086.0,4149,0.015827178955078125
/content/brain_tumor_mat/2260.mat,2260,1,MR048944B,512,512,0.0,4263.0,1394,0.00531768798828125
/content/brain_tumor_mat/2261.mat,2261,1,MR049358,512,512,0.0,4205.0,3050,0.01163482666015625
/content/brain_tumor_mat/2262.mat,2262,1,MR049358,512,512,0.0,4388.0,4679,0.017848968505859375
/content/brain_tumor_mat/2263.mat,2263,1,MR049358,512,512,0.0,3776.0,6210,0.02368927001953125
/content/brain_tumor_mat/2264.mat,2264,1,MR049358,512,512,0.0,4157.0,7793,0.029727935791015625
/content/brain_tumor_mat/2265.mat,2265,1,MR049358,512,512,0.0,3868.0,8644,0.0329742431640625
/content/brain_tumor_mat/2266.mat,2266,1,MR049358,512,512,0.0,3717.0,8100,0.0308990478515625
/content/brain_tumor_mat/2267.mat,2267,1,MR049358,512,512,0.0,4540.0,6372,0.0243072509765625
/content/brain_tumor_mat/2268.mat,2268,1,MR049358,512,512,0.0,4101.0,4983,0.019008636474609375
/content/brain_tumor_mat/2269.mat,2269,1,MR049358,512,512,0.0,3754.0,1689,0.006443023681640625
/content/brain_tumor_mat/2270.mat,2270,1,MR049453,512,512,0.0,5870.0,1118,0.00426483154296875
/content/brain_tumor_mat/2271.mat,2271,1,MR049453,512,512,0.0,6264.0,7315,0.027904510498046875
/content/brain_tumor_mat/2272.mat,2272,1,MR049453,512,512,0.0,6090.0,3898,0.01486968994140625
/content/brain_tumor_mat/2273.mat,2273,1,MR049453,512,512,0.0,6490.0,8908,0.0339813232421875
/content/brain_tumor_mat/2274.mat,2274,1,MR049453,512,512,0.0,5208.0,8480,0.0323486328125
/content/brain_tumor_mat/2275.mat,2275,1,MR049453,512,512,0.0,5320.0,6255,0.023860931396484375
/content/brain_tumor_mat/2276.mat,2276,1,MR049453,512,512,0.0,5617.0,2610,0.00995635986328125
/content/brain_tumor_mat/2277.mat,2277,1,MR049453,512,512,0.0,4896.0,2706,0.01032257080078125
/content/brain_tumor_mat/2278.mat,2278,1,MR049453,512,512,0.0,6181.0,1051,0.004009246826171875
/content/brain_tumor_mat/2279.mat,2279,1,MR024780G,512,512,0.0,6144.0,4012,0.0153045654296875
/content/brain_tumor_mat/2280.mat,2280,1,MR024780G,512,512,0.0,4999.0,4434,0.01691436767578125
/content/brain_tumor_mat/2281.mat,2281,1,MR024780G,512,512,0.0,4856.0,4034,0.01538848876953125
/content/brain_tumor_mat/2282.mat,2282,1,MR024780G,512,512,0.0,4847.0,4472,0.017059326171875
/content/brain_tumor_mat/2283.mat,2283,1,MR024780G,512,512,0.0,4578.0,5462,0.02083587646484375
/content/brain_tumor_mat/2284.mat,2284,1,MR024780G,512,512,0.0,4487.0,2782,0.01061248779296875
/content/brain_tumor_mat/2285.mat,2285,1,MR024780G,512,512,0.0,4551.0,6228,0.0237579345703125
/content/brain_tumor_mat/2286.mat,2286,1,MR049453B,512,512,0.0,6409.0,968,0.003692626953125
/content/brain_tumor_mat/2287.mat,2287,1,MR049453B,512,512,0.0,5165.0,950,0.00362396240234375
/content/brain_tumor_mat/2288.mat,2288,1,MR049453B,512,512,0.0,5583.0,13178,0.05027008056640625
/content/brain_tumor_mat/2289.mat,2289,1,MR049453B,512,512,0.0,6372.0,9330,0.03559112548828125
/content/brain_tumor_mat/2290.mat,2290,1,MR049453B,512,512,0.0,5374.0,9562,0.03647613525390625
/content/brain_tumor_mat/2291.mat,2291,1,MR049453B,512,512,0.0,5806.0,5185,0.019779205322265625
/content/brain_tumor_mat/2292.mat,2292,1,MR049453B,512,512,0.0,5100.0,2492,0.0095062255859375
/content/brain_tumor_mat/2293.mat,2293,1,MR049453B,512,512,0.0,4877.0,4649,0.017734527587890625
/content/brain_tumor_mat/2294.mat,2294,1,MR049453B,512,512,0.0,5331.0,1383,0.005275726318359375
/content/brain_tumor_mat/2295.mat,2295,1,MR049453B,512,512,0.0,4991.0,3992,0.015228271484375
/content/brain_tumor_mat/2296.mat,2296,1,MR049453B,512,512,0.0,4716.0,6366,0.02428436279296875
/content/brain_tumor_mat/2297.mat,2297,1,MR049453B,512,512,0.0,4487.0,11514,0.04392242431640625
/content/brain_tumor_mat/2298.mat,2298,1,MR049453B,512,512,0.0,5068.0,12082,0.04608917236328125
/content/brain_tumor_mat/2299.mat,2299,1,MR049453B,512,512,0.0,5697.0,12915,0.049266815185546875
/content/brain_tumor_mat/2300.mat,2300,1,MR050135B,512,512,0.0,3986.0,1083,0.004131317138671875
/content/brain_tumor_mat/2301.mat,2301,1,MR050135B,512,512,0.0,4298.0,4775,0.018215179443359375
/content/brain_tumor_mat/2302.mat,2302,1,MR050135B,512,512,0.0,4716.0,1601,0.006107330322265625
/content/brain_tumor_mat/2303.mat,2303,1,MR050135B,512,512,0.0,4492.0,4958,0.01891326904296875
/content/brain_tumor_mat/2304.mat,2304,1,MR050135B,512,512,0.0,4690.0,6016,0.02294921875
/content/brain_tumor_mat/2305.mat,2305,1,MR050135B,512,512,0.0,4633.0,6729,0.025669097900390625
/content/brain_tumor_mat/2306.mat,2306,1,MR050135B,512,512,0.0,4166.0,5650,0.02155303955078125
/content/brain_tumor_mat/2307.mat,2307,1,MR050135B,512,512,0.0,4198.0,1918,0.00731658935546875
/content/brain_tumor_mat/2308.mat,2308,1,MR050135B,512,512,0.0,4424.0,3448,0.013153076171875
/content/brain_tumor_mat/2309.mat,2309,1,MR050135B,512,512,0.0,4656.0,3403,0.012981414794921875
/content/brain_tumor_mat/2310.mat,2310,1,MR050135B,512,512,0.0,4113.0,3365,0.012836456298828125
/content/brain_tumor_mat/2311.mat,2311,1,MR050687,512,512,0.0,4195.0,4815,0.018367767333984375
/content/brain_tumor_mat/2312.mat,2312,1,MR050687,512,512,0.0,4023.0,7027,0.026805877685546875
/content/brain_tumor_mat/2313.mat,2313,1,MR050687,512,512,0.0,3845.0,7092,0.0270538330078125
/content/brain_tumor_mat/2314.mat,2314,1,MR050687,512,512,0.0,3760.0,6257,0.023868560791015625
/content/brain_tumor_mat/2315.mat,2315,1,MR050687,512,512,0.0,4119.0,5590,0.02132415771484375
/content/brain_tumor_mat/2316.mat,2316,1,MR050687,512,512,0.0,4973.0,5177,0.019748687744140625
/content/brain_tumor_mat/2317.mat,2317,1,MR050791B,512,512,0.0,3153.0,6985,0.026645660400390625
/content/brain_tumor_mat/2318.mat,2318,1,MR050791B,512,512,0.0,2875.0,11735,0.044765472412109375
/content/brain_tumor_mat/2319.mat,2319,1,MR050791B,512,512,0.0,3034.0,8407,0.032070159912109375
/content/brain_tumor_mat/2320.mat,2320,1,MR050791B,512,512,0.0,3324.0,5450,0.02079010009765625
/content/brain_tumor_mat/2321.mat,2321,1,MR049019C,512,512,0.0,5179.0,1235,0.004711151123046875
/content/brain_tumor_mat/2322.mat,2322,1,MR049019C,512,512,0.0,4932.0,1656,0.006317138671875
/content/brain_tumor_mat/2323.mat,2323,1,MR049019C,512,512,0.0,4687.0,1866,0.00711822509765625
/content/brain_tumor_mat/2324.mat,2324,1,MR049019C,512,512,0.0,5202.0,1922,0.00733184814453125
/content/brain_tumor_mat/2325.mat,2325,1,MR049019C,512,512,0.0,6120.0,1755,0.006694793701171875
/content/brain_tumor_mat/2326.mat,2326,1,MR026175C,512,512,0.0,3583.0,2634,0.01004791259765625
/content/brain_tumor_mat/2327.mat,2327,1,MR026175C,512,512,0.0,3599.0,4331,0.016521453857421875
/content/brain_tumor_mat/2328.mat,2328,1,MR026175C,512,512,0.0,3843.0,6452,0.0246124267578125
/content/brain_tumor_mat/2329.mat,2329,1,MR026175C,512,512,0.0,3642.0,6611,0.025218963623046875
/content/brain_tumor_mat/2330.mat,2330,1,MR026175C,512,512,0.0,3538.0,7041,0.026859283447265625
/content/brain_tumor_mat/2331.mat,2331,1,MR026175C,512,512,0.0,2990.0,8021,0.030597686767578125
/content/brain_tumor_mat/2332.mat,2332,1,MR026175C,512,512,0.0,3390.0,6167,0.023525238037109375
/content/brain_tumor_mat/2333.mat,2333,1,MR051461,512,512,0.0,4769.0,1977,0.007541656494140625
/content/brain_tumor_mat/2334.mat,2334,1,MR051461,512,512,0.0,4410.0,3249,0.012393951416015625
/content/brain_tumor_mat/2335.mat,2335,1,MR051461,512,512,0.0,4883.0,2626,0.01001739501953125
/content/brain_tumor_mat/2336.mat,2336,1,MR051461,512,512,0.0,3978.0,3251,0.012401580810546875
/content/brain_tumor_mat/2337.mat,2337,1,MR051461,512,512,0.0,4250.0,3369,0.012851715087890625
/content/brain_tumor_mat/2338.mat,2338,1,MR051461,512,512,0.0,4072.0,3171,0.012096405029296875
/content/brain_tumor_mat/2339.mat,2339,1,MR051461,512,512,0.0,3937.0,3266,0.01245880126953125
/content/brain_tumor_mat/2340.mat,2340,1,MR051461,512,512,0.0,4249.0,5346,0.02039337158203125
/content/brain_tumor_mat/2341.mat,2341,1,MR051461,512,512,0.0,4195.0,2442,0.00931549072265625
/content/brain_tumor_mat/2342.mat,2342,1,MR051586,512,512,0.0,4099.0,7118,0.02715301513671875
/content/brain_tumor_mat/2343.mat,2343,1,MR051586,512,512,0.0,3677.0,7853,0.029956817626953125
/content/brain_tumor_mat/2344.mat,2344,1,MR033389B,512,512,0.0,3277.0,10966,0.04183197021484375
/content/brain_tumor_mat/2345.mat,2345,1,MR033389B,512,512,0.0,3157.0,11486,0.04381561279296875
/content/brain_tumor_mat/2346.mat,2346,1,MR033389B,512,512,0.0,2954.0,8716,0.0332489013671875
/content/brain_tumor_mat/2347.mat,2347,1,MR033389B,512,512,0.0,3496.0,7484,0.0285491943359375
/content/brain_tumor_mat/2348.mat,2348,1,MR033389B,512,512,0.0,3219.0,4045,0.015430450439453125
/content/brain_tumor_mat/2349.mat,2349,1,MR024780E,512,512,0.0,8933.0,1953,0.007450103759765625
/content/brain_tumor_mat/2350.mat,2350,1,MR026175E,512,512,0.0,9595.0,2012,0.0076751708984375
/content/brain_tumor_mat/2351.mat,2351,1,MR026175E,512,512,0.0,8793.0,3083,0.011760711669921875
/content/brain_tumor_mat/2352.mat,2352,1,MR026175E,512,512,0.0,7352.0,3837,0.014636993408203125
/content/brain_tumor_mat/2353.mat,2353,1,MR026175E,512,512,0.0,5833.0,4193,0.015995025634765625
/content/brain_tumor_mat/2354.mat,2354,1,MR026175E,512,512,0.0,7377.0,12605,0.048084259033203125
/content/brain_tumor_mat/2355.mat,2355,1,MR026175E,512,512,0.0,7831.0,12480,0.047607421875
/content/brain_tumor_mat/2356.mat,2356,1,MR026175E,512,512,0.0,8278.0,11062,0.04219818115234375
/content/brain_tumor_mat/2357.mat,2357,1,MR026175E,512,512,0.0,9814.0,11555,0.044078826904296875
/content/brain_tumor_mat/2358.mat,2358,1,MR026175E,512,512,0.0,10710.0,10621,0.040515899658203125
/content/brain_tumor_mat/2359.mat,2359,1,MR026175E,512,512,0.0,10022.0,6620,0.0252532958984375
/content/brain_tumor_mat/2360.mat,2360,1,MR026175E,512,512,0.0,8675.0,6265,0.023899078369140625
/content/brain_tumor_mat/2361.mat,2361,1,MR026175E,512,512,0.0,7982.0,7596,0.0289764404296875
/content/brain_tumor_mat/2362.mat,2362,1,MR040240C,512,512,0.0,10646.0,2216,0.008453369140625
/content/brain_tumor_mat/2363.mat,2363,1,MR040240C,512,512,0.0,9146.0,868,0.0033111572265625
/content/brain_tumor_mat/2364.mat,2364,1,MR040240C,512,512,0.0,8162.0,998,0.00380706787109375
/content/brain_tumor_mat/2365.mat,2365,1,MR040240C,512,512,0.0,10221.0,5347,0.020397186279296875
/content/brain_tumor_mat/2366.mat,2366,1,MR040240C,512,512,0.0,10321.0,6129,0.023380279541015625
/content/brain_tumor_mat/2367.mat,2367,1,MR040240C,512,512,0.0,10584.0,11224,0.042816162109375
/content/brain_tumor_mat/2368.mat,2368,1,MR040240C,512,512,0.0,11475.0,16155,0.061626434326171875
/content/brain_tumor_mat/2369.mat,2369,1,MR040240C,512,512,0.0,11671.0,13692,0.0522308349609375
/content/brain_tumor_mat/2370.mat,2370,1,MR040240C,512,512,0.0,11192.0,18563,0.07081222534179688
/content/brain_tumor_mat/2371.mat,2371,1,MR040240C,512,512,0.0,11157.0,15488,0.05908203125
/content/brain_tumor_mat/2372.mat,2372,1,MR040240C,512,512,0.0,9886.0,4117,0.015705108642578125
/content/brain_tumor_mat/2373.mat,2373,1,MR040240D,512,512,0.0,6563.0,914,0.00348663330078125
/content/brain_tumor_mat/2374.mat,2374,1,MR040240D,512,512,0.0,6721.0,1686,0.00643157958984375
/content/brain_tumor_mat/2375.mat,2375,1,MR040240D,512,512,0.0,7673.0,880,0.00335693359375
/content/brain_tumor_mat/2376.mat,2376,1,MR040240D,512,512,0.0,7335.0,8396,0.0320281982421875
/content/brain_tumor_mat/2377.mat,2377,1,MR040240D,512,512,0.0,8020.0,7609,0.029026031494140625
/content/brain_tumor_mat/2378.mat,2378,1,MR040240D,512,512,0.0,7590.0,8382,0.03197479248046875
/content/brain_tumor_mat/2379.mat,2379,1,MR040240D,512,512,0.0,8384.0,17207,0.06563949584960938
/content/brain_tumor_mat/2380.mat,2380,1,MR040240D,512,512,0.0,8346.0,15373,0.058643341064453125
/content/brain_tumor_mat/2381.mat,2381,1,MR040240D,512,512,0.0,8592.0,14479,0.055233001708984375
/content/brain_tumor_mat/2382.mat,2382,1,MR040240D,512,512,0.0,7495.0,13745,0.052433013916015625
/content/brain_tumor_mat/2383.mat,2383,1,MR040240D,512,512,0.0,7101.0,1100,0.0041961669921875
/content/brain_tumor_mat/2384.mat,2384,1,MR017260F,512,512,0.0,6377.0,4382,0.01671600341796875
/content/brain_tumor_mat/2385.mat,2385,1,MR017260F,512,512,0.0,7146.0,7574,0.02889251708984375
/content/brain_tumor_mat/2386.mat,2386,1,MR017260F,512,512,0.0,8676.0,8953,0.034152984619140625
/content/brain_tumor_mat/2387.mat,2387,1,MR017260F,512,512,0.0,8169.0,11892,0.0453643798828125
/content/brain_tumor_mat/2388.mat,2388,1,MR017260F,512,512,0.0,8100.0,15436,0.0588836669921875
/content/brain_tumor_mat/2389.mat,2389,1,MR017260F,512,512,0.0,7801.0,11510,0.04390716552734375
/content/brain_tumor_mat/2390.mat,2390,1,MR017260F,512,512,0.0,7984.0,11298,0.04309844970703125
/content/brain_tumor_mat/2391.mat,2391,1,MR017260F,512,512,0.0,7489.0,9997,0.038135528564453125
/content/brain_tumor_mat/2392.mat,2392,1,MR017260F,512,512,0.0,6588.0,9000,0.034332275390625
/content/brain_tumor_mat/2393.mat,2393,1,MR017260F,512,512,0.0,5774.0,7048,0.026885986328125
/content/brain_tumor_mat/2394.mat,2394,1,MR029209I,512,512,0.0,8826.0,6592,0.025146484375
/content/brain_tumor_mat/2395.mat,2395,1,MR029209I,512,512,0.0,10639.0,6652,0.0253753662109375
/content/brain_tumor_mat/2396.mat,2396,1,MR029209I,512,512,0.0,10514.0,10732,0.0409393310546875
/content/brain_tumor_mat/2397.mat,2397,1,MR029209I,512,512,0.0,8597.0,4626,0.01764678955078125
/content/brain_tumor_mat/2398.mat,2398,1,MR029209I,512,512,0.0,8407.0,9200,0.03509521484375
/content/brain_tumor_mat/2399.mat,2399,1,MR029209I,512,512,0.0,8910.0,12191,0.046504974365234375
/content/brain_tumor_mat/2400.mat,2400,1,MR029209I,512,512,0.0,7020.0,5542,0.02114105224609375
/content/brain_tumor_mat/2401.mat,2401,1,MR029209I,512,512,0.0,6128.0,6680,0.025482177734375
/content/brain_tumor_mat/2402.mat,2402,1,MR029209I,512,512,0.0,5470.0,3384,0.012908935546875
/content/brain_tumor_mat/2403.mat,2403,1,MR048294,512,512,0.0,4863.0,2634,0.01004791259765625
/content/brain_tumor_mat/2404.mat,2404,1,MR048294,512,512,0.0,4628.0,4102,0.01564788818359375
/content/brain_tumor_mat/2405.mat,2405,1,MR048294,512,512,0.0,4470.0,4290,0.01636505126953125
/content/brain_tumor_mat/2406.mat,2406,1,MR048294,512,512,0.0,4992.0,3740,0.0142669677734375
/content/brain_tumor_mat/2407.mat,2407,1,MR048294,512,512,0.0,4349.0,4337,0.016544342041015625
/content/brain_tumor_mat/2408.mat,2408,1,MR048294,512,512,0.0,4556.0,3428,0.0130767822265625
/content/brain_tumor_mat/2409.mat,2409,1,MR048294,512,512,0.0,4833.0,2174,0.00829315185546875
/content/brain_tumor_mat/2410.mat,2410,1,MR048297,512,512,0.0,3914.0,3343,0.012752532958984375
/content/brain_tumor_mat/2411.mat,2411,1,MR048297,512,512,0.0,4302.0,4273,0.016300201416015625
/content/brain_tumor_mat/2412.mat,2412,1,MR048297,512,512,0.0,4127.0,4076,0.0155487060546875
/content/brain_tumor_mat/2413.mat,2413,1,MR048297,512,512,0.0,4001.0,3770,0.01438140869140625
/content/brain_tumor_mat/2414.mat,2414,1,MR048297,512,512,0.0,3360.0,2654,0.01012420654296875
/content/brain_tumor_mat/2415.mat,2415,1,MR048294B,512,512,0.0,4172.0,6939,0.026470184326171875
/content/brain_tumor_mat/2416.mat,2416,1,MR048294B,512,512,0.0,3834.0,4093,0.015613555908203125
/content/brain_tumor_mat/2417.mat,2417,1,MR048294B,512,512,0.0,4270.0,4637,0.017688751220703125
/content/brain_tumor_mat/2418.mat,2418,1,MR048294B,512,512,0.0,4441.0,4810,0.01834869384765625
/content/brain_tumor_mat/2419.mat,2419,1,MR048294B,512,512,0.0,6056.0,2964,0.0113067626953125
/content/brain_tumor_mat/2420.mat,2420,1,MR048621B,512,512,0.0,4518.0,4692,0.0178985595703125
/content/brain_tumor_mat/2421.mat,2421,1,MR048621B,512,512,0.0,4104.0,6993,0.026676177978515625
/content/brain_tumor_mat/2422.mat,2422,1,MR048621B,512,512,0.0,4401.0,8507,0.032451629638671875
/content/brain_tumor_mat/2423.mat,2423,1,MR048621B,512,512,0.0,4355.0,7558,0.02883148193359375
/content/brain_tumor_mat/2424.mat,2424,1,MR048621B,512,512,0.0,4407.0,12233,0.046665191650390625
/content/brain_tumor_mat/2425.mat,2425,1,MR048621B,512,512,0.0,5492.0,10280,0.039215087890625
/content/brain_tumor_mat/2426.mat,2426,1,MR048944,512,512,0.0,4379.0,3507,0.013378143310546875
/content/brain_tumor_mat/2427.mat,2427,1,MR048944,512,512,0.0,5154.0,3087,0.011775970458984375
/content/brain_tumor_mat/2428.mat,2428,1,MR048944,512,512,0.0,6051.0,4388,0.0167388916015625
/content/brain_tumor_mat/2429.mat,2429,1,MR048944,512,512,0.0,5258.0,6673,0.025455474853515625
/content/brain_tumor_mat/2430.mat,2430,1,MR048944,512,512,0.0,4367.0,5748,0.0219268798828125
/content/brain_tumor_mat/2431.mat,2431,1,MR048944,512,512,0.0,4961.0,5359,0.020442962646484375
/content/brain_tumor_mat/2432.mat,2432,1,MR048944,512,512,0.0,4579.0,5059,0.019298553466796875
/content/brain_tumor_mat/2433.mat,2433,1,MR048944,512,512,0.0,5280.0,3668,0.0139923095703125
/content/brain_tumor_mat/2434.mat,2434,1,MR048944,512,512,0.0,5675.0,2811,0.010723114013671875
/content/brain_tumor_mat/2435.mat,2435,1,MR048994,512,512,0.0,3850.0,4444,0.0169525146484375
/content/brain_tumor_mat/2436.mat,2436,1,MR048994,512,512,0.0,3526.0,6376,0.024322509765625
/content/brain_tumor_mat/2437.mat,2437,1,MR048994,512,512,0.0,4151.0,8152,0.031097412109375
/content/brain_tumor_mat/2438.mat,2438,1,MR048994,512,512,0.0,3599.0,10122,0.03861236572265625
/content/brain_tumor_mat/2439.mat,2439,1,MR048994,512,512,0.0,3676.0,10776,0.041107177734375
/content/brain_tumor_mat/2440.mat,2440,1,MR048994,512,512,0.0,3357.0,11029,0.042072296142578125
/content/brain_tumor_mat/2441.mat,2441,1,MR048994,512,512,0.0,3787.0,10053,0.038349151611328125
/content/brain_tumor_mat/2442.mat,2442,1,MR037458C,512,512,0.0,8432.0,3741,0.014270782470703125
/content/brain_tumor_mat/2443.mat,2443,1,MR040240,512,512,0.0,4801.0,7417,0.028293609619140625
/content/brain_tumor_mat/2444.mat,2444,1,MR040240,512,512,0.0,3976.0,13021,0.049671173095703125
/content/brain_tumor_mat/2445.mat,2445,1,MR040240,512,512,0.0,4848.0,12176,0.04644775390625
/content/brain_tumor_mat/2446.mat,2446,1,MR040240,512,512,0.0,4194.0,13119,0.050045013427734375
/content/brain_tumor_mat/2447.mat,2447,1,MR040240,512,512,0.0,5045.0,7715,0.029430389404296875
/content/brain_tumor_mat/2448.mat,2448,1,MR040240,512,512,0.0,4885.0,7535,0.028743743896484375
/content/brain_tumor_mat/2449.mat,2449,1,MR040240,512,512,0.0,5420.0,7797,0.029743194580078125
/content/brain_tumor_mat/2450.mat,2450,1,MR040240,512,512,0.0,4324.0,9715,0.037059783935546875
/content/brain_tumor_mat/2451.mat,2451,1,MR040240,512,512,0.0,4156.0,6240,0.0238037109375
/content/brain_tumor_mat/2452.mat,2452,1,MR040240,512,512,0.0,6106.0,2485,0.009479522705078125
/content/brain_tumor_mat/2453.mat,2453,1,MR040240B,512,512,0.0,5687.0,6603,0.025188446044921875
/content/brain_tumor_mat/2454.mat,2454,1,MR040240B,512,512,0.0,5935.0,10524,0.0401458740234375
/content/brain_tumor_mat/2455.mat,2455,1,MR040240B,512,512,0.0,5797.0,11639,0.044399261474609375
/content/brain_tumor_mat/2456.mat,2456,1,MR040240B,512,512,0.0,6175.0,15323,0.058452606201171875
/content/brain_tumor_mat/2457.mat,2457,1,MR040240B,512,512,0.0,5744.0,14146,0.05396270751953125
/content/brain_tumor_mat/2458.mat,2458,1,MR040240B,512,512,0.0,5647.0,13662,0.05211639404296875
/content/brain_tumor_mat/2459.mat,2459,1,MR040240B,512,512,0.0,5345.0,12348,0.0471038818359375
/content/brain_tumor_mat/2460.mat,2460,1,MR040240B,512,512,0.0,6109.0,13072,0.04986572265625
/content/brain_tumor_mat/2461.mat,2461,1,MR040240B,512,512,0.0,5734.0,3586,0.01367950439453125
/content/brain_tumor_mat/2462.mat,2462,1,MR040240B,512,512,0.0,6033.0,2233,0.008518218994140625
/content/brain_tumor_mat/2463.mat,2463,1,MR029209G,512,512,0.0,5895.0,1414,0.00539398193359375
/content/brain_tumor_mat/2464.mat,2464,1,MR029209G,512,512,0.0,5921.0,5361,0.020450592041015625
/content/brain_tumor_mat/2465.mat,2465,1,MR029209G,512,512,0.0,6079.0,4944,0.01885986328125
/content/brain_tumor_mat/2466.mat,2466,1,MR029209G,512,512,0.0,7480.0,3923,0.014965057373046875
/content/brain_tumor_mat/2467.mat,2467,1,MR029209G,512,512,0.0,6303.0,2290,0.00873565673828125
/content/brain_tumor_mat/2468.mat,2468,1,MR029209G,512,512,0.0,6162.0,2694,0.01027679443359375
/content/brain_tumor_mat/2469.mat,2469,1,MR029209G,512,512,0.0,6640.0,1143,0.004360198974609375
/content/brain_tumor_mat/2470.mat,2470,1,MR036496B,512,512,0.0,6058.0,1135,0.004329681396484375
/content/brain_tumor_mat/2471.mat,2471,1,MR036496B,512,512,0.0,5868.0,1677,0.006397247314453125
/content/brain_tumor_mat/2472.mat,2472,1,MR036496B,512,512,0.0,6291.0,4863,0.018550872802734375
/content/brain_tumor_mat/2473.mat,2473,1,MR036496B,512,512,0.0,6129.0,4774,0.01821136474609375
/content/brain_tumor_mat/2474.mat,2474,1,MR036496B,512,512,0.0,6266.0,4922,0.01877593994140625
/content/brain_tumor_mat/2475.mat,2475,1,MR036496B,512,512,0.0,6232.0,3174,0.01210784912109375
/content/brain_tumor_mat/2476.mat,2476,1,MR033420,512,512,0.0,3061.0,1366,0.00521087646484375
/content/brain_tumor_mat/2477.mat,2477,1,MR033420,512,512,0.0,2729.0,2523,0.009624481201171875
/content/brain_tumor_mat/2478.mat,2478,1,MR033420,512,512,0.0,2995.0,3714,0.01416778564453125
/content/brain_tumor_mat/2479.mat,2479,1,MR033420,512,512,0.0,3199.0,4612,0.0175933837890625
/content/brain_tumor_mat/2480.mat,2480,1,MR033420,512,512,0.0,3287.0,5362,0.02045440673828125
/content/brain_tumor_mat/2481.mat,2481,1,MR033420,512,512,0.0,3236.0,3518,0.01342010498046875
/content/brain_tumor_mat/2482.mat,2482,1,MR033420,512,512,0.0,3741.0,4517,0.017230987548828125
/content/brain_tumor_mat/2483.mat,2483,1,MR033420,512,512,0.0,3559.0,4261,0.016254425048828125
/content/brain_tumor_mat/2484.mat,2484,1,MR033420,512,512,0.0,3164.0,5359,0.020442962646484375
/content/brain_tumor_mat/2485.mat,2485,1,MR033420,512,512,0.0,3289.0,4050,0.01544952392578125
/content/brain_tumor_mat/2486.mat,2486,1,MR033420,512,512,0.0,3124.0,4543,0.017330169677734375
/content/brain_tumor_mat/2487.mat,2487,1,MR033389B,512,512,0.0,2621.0,2393,0.009128570556640625
/content/brain_tumor_mat/2488.mat,2488,1,MR033389B,512,512,0.0,3406.0,8009,0.030551910400390625
/content/brain_tumor_mat/2489.mat,2489,1,MR033389B,512,512,0.0,2264.0,12310,0.04695892333984375
/content/brain_tumor_mat/2490.mat,2490,1,MR033389B,512,512,0.0,2300.0,13221,0.050434112548828125
/content/brain_tumor_mat/2491.mat,2491,1,MR033389B,512,512,0.0,2434.0,14158,0.05400848388671875
/content/brain_tumor_mat/2492.mat,2492,1,MR033389B,512,512,0.0,2468.0,12713,0.048496246337890625
/content/brain_tumor_mat/2493.mat,2493,1,MR033389B,512,512,0.0,2311.0,9175,0.034999847412109375
/content/brain_tumor_mat/2494.mat,2494,1,MR033389B,512,512,0.0,2703.0,4703,0.017940521240234375
/content/brain_tumor_mat/2495.mat,2495,1,MR033389B,512,512,0.0,2356.0,1782,0.00679779052734375
/content/brain_tumor_mat/2496.mat,2496,1,MR024780E,512,512,0.0,5905.0,1073,0.004093170166015625
/content/brain_tumor_mat/2497.mat,2497,1,MR024780E,512,512,0.0,5378.0,631,0.002407073974609375
/content/brain_tumor_mat/2498.mat,2498,1,MR024780E,512,512,0.0,5762.0,1902,0.00725555419921875
/content/brain_tumor_mat/2499.mat,2499,1,MR026175E,512,512,0.0,5286.0,959,0.003658294677734375
/content/brain_tumor_mat/2500.mat,2500,1,MR026175E,512,512,0.0,6168.0,2558,0.00975799560546875
/content/brain_tumor_mat/2501.mat,2501,1,MR026175E,512,512,0.0,6093.0,3652,0.0139312744140625
/content/brain_tumor_mat/2502.mat,2502,1,MR026175E,512,512,0.0,7068.0,5381,0.020526885986328125
/content/brain_tumor_mat/2503.mat,2503,1,MR026175E,512,512,0.0,6192.0,5596,0.0213470458984375
/content/brain_tumor_mat/2504.mat,2504,1,MR026175E,512,512,0.0,6075.0,8714,0.03324127197265625
/content/brain_tumor_mat/2505.mat,2505,1,MR026175E,512,512,0.0,5890.0,3557,0.013568878173828125
/content/brain_tumor_mat/2506.mat,2506,1,MR026175E,512,512,0.0,5372.0,2222,0.00847625732421875
/content/brain_tumor_mat/2507.mat,2507,1,MR026175E,512,512,0.0,4486.0,755,0.002880096435546875
/content/brain_tumor_mat/2508.mat,2508,1,MR026175E,512,512,0.0,5762.0,845,0.003223419189453125
/content/brain_tumor_mat/2509.mat,2509,1,MR040240C,512,512,0.0,6449.0,5493,0.020954132080078125
/content/brain_tumor_mat/2510.mat,2510,1,MR040240C,512,512,0.0,6444.0,5674,0.02164459228515625
/content/brain_tumor_mat/2511.mat,2511,1,MR040240C,512,512,0.0,6018.0,2046,0.00780487060546875
/content/brain_tumor_mat/2512.mat,2512,1,MR040240C,512,512,0.0,6634.0,2555,0.009746551513671875
/content/brain_tumor_mat/2513.mat,2513,1,MR040240C,512,512,0.0,7704.0,3532,0.0134735107421875
/content/brain_tumor_mat/2514.mat,2514,1,MR040240C,512,512,0.0,8350.0,3829,0.014606475830078125
/content/brain_tumor_mat/2515.mat,2515,1,MR040240C,512,512,0.0,9109.0,3990,0.01522064208984375
/content/brain_tumor_mat/2516.mat,2516,1,MR040240C,512,512,0.0,6504.0,8243,0.031444549560546875
/content/brain_tumor_mat/2517.mat,2517,1,MR040240C,512,512,0.0,6798.0,8822,0.03365325927734375
/content/brain_tumor_mat/2518.mat,2518,1,MR040240C,512,512,0.0,6690.0,3475,0.013256072998046875
/content/brain_tumor_mat/2519.mat,2519,1,MR040240C,512,512,0.0,7675.0,3605,0.013751983642578125
/content/brain_tumor_mat/2520.mat,2520,1,MR040240C,512,512,0.0,7252.0,10222,0.03899383544921875
/content/brain_tumor_mat/2521.mat,2521,1,MR040240C,512,512,0.0,7333.0,7806,0.02977752685546875
/content/brain_tumor_mat/2522.mat,2522,1,MR040240C,512,512,0.0,7356.0,2570,0.00980377197265625
/content/brain_tumor_mat/2523.mat,2523,1,MR040240C,512,512,0.0,7581.0,2057,0.007846832275390625
/content/brain_tumor_mat/2524.mat,2524,1,MR017260F,512,512,0.0,5308.0,2199,0.008388519287109375
/content/brain_tumor_mat/2525.mat,2525,1,MR017260F,512,512,0.0,4375.0,5512,0.021026611328125
/content/brain_tumor_mat/2526.mat,2526,1,MR017260F,512,512,0.0,4760.0,6600,0.025177001953125
/content/brain_tumor_mat/2527.mat,2527,1,MR017260F,512,512,0.0,4931.0,11666,0.04450225830078125
/content/brain_tumor_mat/2528.mat,2528,1,MR017260F,512,512,0.0,4765.0,7445,0.028400421142578125
/content/brain_tumor_mat/2529.mat,2529,1,MR017260F,512,512,0.0,5245.0,8192,0.03125
/content/brain_tumor_mat/2530.mat,2530,1,MR029209I,512,512,0.0,5640.0,2172,0.0082855224609375
/content/brain_tumor_mat/2531.mat,2531,1,MR029209I,512,512,0.0,5576.0,4264,0.016265869140625
/content/brain_tumor_mat/2532.mat,2532,1,MR029209I,512,512,0.0,6347.0,8242,0.03144073486328125
/content/brain_tumor_mat/2533.mat,2533,1,MR029209I,512,512,0.0,5255.0,8970,0.03421783447265625
/content/brain_tumor_mat/2534.mat,2534,1,MR029209I,512,512,0.0,4576.0,8824,0.033660888671875
/content/brain_tumor_mat/2535.mat,2535,1,MR029209I,512,512,0.0,4809.0,6578,0.02509307861328125
/content/brain_tumor_mat/2536.mat,2536,1,MR029209I,512,512,0.0,4943.0,6199,0.023647308349609375
/content/brain_tumor_mat/2537.mat,2537,1,MR029209I,512,512,0.0,4100.0,5626,0.02146148681640625
/content/brain_tumor_mat/2538.mat,2538,1,MR029209I,512,512,0.0,4319.0,4978,0.01898956298828125
/content/brain_tumor_mat/2539.mat,2539,1,MR029209I,512,512,0.0,4907.0,4877,0.018604278564453125
/content/brain_tumor_mat/2540.mat,2540,1,MR048294,512,512,0.0,3694.0,291,0.001110076904296875
/content/brain_tumor_mat/2541.mat,2541,1,MR048294,512,512,0.0,4498.0,671,0.002559661865234375
/content/brain_tumor_mat/2542.mat,2542,1,MR048294,512,512,0.0,3873.0,2605,0.009937286376953125
/content/brain_tumor_mat/2543.mat,2543,1,MR048294,512,512,0.0,4047.0,3085,0.011768341064453125
/content/brain_tumor_mat/2544.mat,2544,1,MR048294,512,512,0.0,3647.0,3213,0.012256622314453125
/content/brain_tumor_mat/2545.mat,2545,1,MR048294,512,512,0.0,3736.0,2772,0.0105743408203125
/content/brain_tumor_mat/2546.mat,2546,1,MR051586,512,512,0.0,4091.0,6517,0.024860382080078125
/content/brain_tumor_mat/2547.mat,2547,1,MR051586,512,512,0.0,3982.0,6411,0.024456024169921875
/content/brain_tumor_mat/2548.mat,2548,1,MR051586,512,512,0.0,4312.0,5427,0.020702362060546875
/content/brain_tumor_mat/2549.mat,2549,1,MR051586,512,512,0.0,4642.0,5407,0.020626068115234375
/content/brain_tumor_mat/2550.mat,2550,1,MR051461B,512,512,0.0,3758.0,2148,0.0081939697265625
/content/brain_tumor_mat/2551.mat,2551,1,MR051461B,512,512,0.0,4011.0,1908,0.0072784423828125
/content/brain_tumor_mat/2552.mat,2552,1,MR051461B,512,512,0.0,3828.0,2103,0.008022308349609375
/content/brain_tumor_mat/2553.mat,2553,1,MR051461B,512,512,0.0,4243.0,2173,0.008289337158203125
/content/brain_tumor_mat/2554.mat,2554,1,MR051644,512,512,0.0,5097.0,751,0.002864837646484375
/content/brain_tumor_mat/2555.mat,2555,1,MR051644,512,512,0.0,4826.0,2279,0.008693695068359375
/content/brain_tumor_mat/2556.mat,2556,1,MR051644,512,512,0.0,4309.0,7560,0.028839111328125
/content/brain_tumor_mat/2557.mat,2557,1,MR051644,512,512,0.0,5158.0,6447,0.024593353271484375
/content/brain_tumor_mat/2558.mat,2558,1,MR051644,512,512,0.0,4604.0,3658,0.01395416259765625
/content/brain_tumor_mat/2559.mat,2559,1,MR051644,512,512,0.0,4217.0,8395,0.032024383544921875
/content/brain_tumor_mat/2560.mat,2560,1,MR051644,512,512,0.0,3780.0,9201,0.035099029541015625
/content/brain_tumor_mat/2561.mat,2561,1,MR051644,512,512,0.0,4017.0,9461,0.036090850830078125
/content/brain_tumor_mat/2562.mat,2562,1,MR051644,512,512,0.0,4106.0,8956,0.0341644287109375
/content/brain_tumor_mat/2563.mat,2563,1,MR051644,512,512,0.0,4553.0,10938,0.04172515869140625
/content/brain_tumor_mat/2564.mat,2564,1,MR051644,512,512,0.0,5582.0,14710,0.05611419677734375
/content/brain_tumor_mat/2565.mat,2565,1,MR051644,512,512,0.0,4093.0,13705,0.052280426025390625
/content/brain_tumor_mat/2566.mat,2566,1,MR051651,512,512,0.0,4866.0,1331,0.005077362060546875
/content/brain_tumor_mat/2567.mat,2567,1,MR051651,512,512,0.0,5132.0,3006,0.01146697998046875
/content/brain_tumor_mat/2568.mat,2568,1,MR051651,512,512,0.0,4763.0,4745,0.018100738525390625
/content/brain_tumor_mat/2569.mat,2569,1,MR051651,512,512,0.0,4683.0,5339,0.020366668701171875
/content/brain_tumor_mat/2570.mat,2570,1,MR051651,512,512,0.0,5323.0,5308,0.0202484130859375
/content/brain_tumor_mat/2571.mat,2571,1,MR051651,512,512,0.0,4225.0,4661,0.017780303955078125
/content/brain_tumor_mat/2572.mat,2572,1,MR051651,512,512,0.0,4318.0,2393,0.009128570556640625
/content/brain_tumor_mat/2573.mat,2573,1,MR051796,512,512,0.0,4796.0,4183,0.015956878662109375
/content/brain_tumor_mat/2574.mat,2574,1,MR051796,512,512,0.0,4476.0,5768,0.022003173828125
/content/brain_tumor_mat/2575.mat,2575,1,MR051796,512,512,0.0,6287.0,7055,0.026912689208984375
/content/brain_tumor_mat/2576.mat,2576,1,MR051796,512,512,0.0,3756.0,8063,0.030757904052734375
/content/brain_tumor_mat/2577.mat,2577,1,MR051796,512,512,0.0,5421.0,6008,0.022918701171875
/content/brain_tumor_mat/2578.mat,2578,1,MR051796,512,512,0.0,4472.0,3454,0.01317596435546875
/content/brain_tumor_mat/2579.mat,2579,1,MR051651B,512,512,0.0,2779.0,1898,0.00724029541015625
/content/brain_tumor_mat/2580.mat,2580,1,MR051651B,512,512,0.0,3102.0,3297,0.012577056884765625
/content/brain_tumor_mat/2581.mat,2581,1,MR051651B,512,512,0.0,2814.0,3760,0.01434326171875
/content/brain_tumor_mat/2582.mat,2582,1,MR051651B,512,512,0.0,2855.0,4104,0.015655517578125
/content/brain_tumor_mat/2583.mat,2583,1,MR051651B,512,512,0.0,3009.0,2650,0.01010894775390625
/content/brain_tumor_mat/2584.mat,2584,1,MR051651B,512,512,0.0,2991.0,2526,0.00963592529296875
/content/brain_tumor_mat/2585.mat,2585,1,MR051651B,512,512,0.0,3217.0,3117,0.011890411376953125
/content/brain_tumor_mat/2586.mat,2586,1,MR051796B,512,512,0.0,4526.0,4738,0.01807403564453125
/content/brain_tumor_mat/2587.mat,2587,1,MR051796B,512,512,0.0,4559.0,4577,0.017459869384765625
/content/brain_tumor_mat/2588.mat,2588,1,MR051796B,512,512,0.0,4379.0,1601,0.006107330322265625
/content/brain_tumor_mat/2589.mat,2589,1,MR052550,512,512,0.0,5913.0,2249,0.008579254150390625
/content/brain_tumor_mat/2590.mat,2590,1,MR052550,512,512,0.0,6929.0,3303,0.012599945068359375
/content/brain_tumor_mat/2591.mat,2591,1,MR052550,512,512,0.0,7090.0,3678,0.01403045654296875
/content/brain_tumor_mat/2592.mat,2592,1,MR052550,512,512,0.0,6236.0,4304,0.01641845703125
/content/brain_tumor_mat/2593.mat,2593,1,MR052550,512,512,0.0,7130.0,3843,0.014659881591796875
/content/brain_tumor_mat/2594.mat,2594,1,MR052550,512,512,0.0,5507.0,3024,0.01153564453125
/content/brain_tumor_mat/2595.mat,2595,1,MR051644C,512,512,0.0,6201.0,3215,0.012264251708984375
/content/brain_tumor_mat/2596.mat,2596,1,MR051644C,512,512,0.0,4918.0,3329,0.012699127197265625
/content/brain_tumor_mat/2597.mat,2597,1,MR051644C,512,512,0.0,4239.0,4522,0.01725006103515625
/content/brain_tumor_mat/2598.mat,2598,1,MR051644C,512,512,0.0,4580.0,4139,0.015789031982421875
/content/brain_tumor_mat/2599.mat,2599,1,MR051644C,512,512,0.0,4509.0,2600,0.009918212890625
/content/brain_tumor_mat/2600.mat,2600,1,MR051644C,512,512,0.0,4769.0,13621,0.051959991455078125
/content/brain_tumor_mat/2601.mat,2601,1,MR051644C,512,512,0.0,4977.0,12449,0.047489166259765625
/content/brain_tumor_mat/2602.mat,2602,1,MR051644C,512,512,0.0,4638.0,8429,0.032154083251953125
/content/brain_tumor_mat/2603.mat,2603,1,MR051644C,512,512,0.0,4429.0,7790,0.02971649169921875
/content/brain_tumor_mat/2604.mat,2604,1,MR051644C,512,512,0.0,4460.0,7926,0.03023529052734375
/content/brain_tumor_mat/2605.mat,2605,1,MR051644C,512,512,0.0,4685.0,6959,0.026546478271484375
/content/brain_tumor_mat/2606.mat,2606,1,MR051644C,512,512,0.0,4297.0,12819,0.048900604248046875
/content/brain_tumor_mat/2607.mat,2607,1,MR051644C,512,512,0.0,4628.0,9665,0.036869049072265625
/content/brain_tumor_mat/2608.mat,2608,1,MR049942B,512,512,0.0,5287.0,7693,0.029346466064453125
/content/brain_tumor_mat/2609.mat,2609,1,MR049942B,512,512,0.0,5232.0,4132,0.0157623291015625
/content/brain_tumor_mat/2610.mat,2610,1,MR049942B,512,512,0.0,5324.0,5678,0.02165985107421875
/content/brain_tumor_mat/2611.mat,2611,1,MR049942B,512,512,0.0,7639.0,3478,0.01326751708984375
/content/brain_tumor_mat/2612.mat,2612,1,MR047953C,512,512,0.0,6453.0,573,0.002185821533203125
/content/brain_tumor_mat/2613.mat,2613,1,MR047953C,512,512,0.0,6510.0,1274,0.00485992431640625
/content/brain_tumor_mat/2614.mat,2614,1,MR047953C,512,512,0.0,5904.0,996,0.0037994384765625
/content/brain_tumor_mat/2615.mat,2615,1,MR047953C,512,512,0.0,6235.0,863,0.003292083740234375
/content/brain_tumor_mat/2616.mat,2616,1,MR047953C,512,512,0.0,6052.0,795,0.003032684326171875
/content/brain_tumor_mat/2617.mat,2617,1,MR053110B,512,512,0.0,5063.0,6802,0.02594757080078125
/content/brain_tumor_mat/2618.mat,2618,1,MR053110B,512,512,0.0,5199.0,7365,0.028095245361328125
/content/brain_tumor_mat/2619.mat,2619,1,MR053110B,512,512,0.0,5496.0,9511,0.036281585693359375
/content/brain_tumor_mat/2620.mat,2620,1,MR053110B,512,512,0.0,5774.0,8779,0.033489227294921875
/content/brain_tumor_mat/2621.mat,2621,1,MR053110B,512,512,0.0,5690.0,7727,0.029476165771484375
/content/brain_tumor_mat/2622.mat,2622,1,MR053110B,512,512,0.0,5945.0,7452,0.0284271240234375
/content/brain_tumor_mat/2623.mat,2623,1,MR053110B,512,512,0.0,6164.0,7370,0.02811431884765625
/content/brain_tumor_mat/2624.mat,2624,1,MR034694,512,512,0.0,2301.0,2399,0.009151458740234375
/content/brain_tumor_mat/2625.mat,2625,1,MR034694,512,512,0.0,2042.0,2418,0.00922393798828125
/content/brain_tumor_mat/2626.mat,2626,1,MR034694,512,512,0.0,2141.0,5305,0.020236968994140625
/content/brain_tumor_mat/2627.mat,2627,1,MR034694,512,512,0.0,1731.0,3122,0.01190948486328125
/content/brain_tumor_mat/2628.mat,2628,1,MR034694,512,512,0.0,1771.0,6243,0.023815155029296875
/content/brain_tumor_mat/2629.mat,2629,1,MR034694,512,512,0.0,1647.0,6629,0.025287628173828125
/content/brain_tumor_mat/2630.mat,2630,1,MR034694,512,512,0.0,2118.0,4659,0.017772674560546875
/content/brain_tumor_mat/2631.mat,2631,1,MR054683,512,512,0.0,6672.0,1329,0.005069732666015625
/content/brain_tumor_mat/2632.mat,2632,1,MR054683,512,512,0.0,6753.0,2545,0.009708404541015625
/content/brain_tumor_mat/2633.mat,2633,1,MR054683,512,512,0.0,6657.0,1642,0.00626373291015625
/content/brain_tumor_mat/2634.mat,2634,1,MR050687C,512,512,0.0,5492.0,4863,0.018550872802734375
/content/brain_tumor_mat/2635.mat,2635,1,MR050687C,512,512,0.0,5664.0,7311,0.027889251708984375
/content/brain_tumor_mat/2636.mat,2636,1,MR050687C,512,512,0.0,4700.0,7361,0.028079986572265625
/content/brain_tumor_mat/2637.mat,2637,1,MR050687C,512,512,0.0,7512.0,7308,0.0278778076171875
/content/brain_tumor_mat/2638.mat,2638,1,MR050687C,512,512,0.0,6548.0,6926,0.02642059326171875
/content/brain_tumor_mat/2639.mat,2639,1,MR050687C,512,512,0.0,5584.0,5449,0.020786285400390625
/content/brain_tumor_mat/2640.mat,2640,1,MR050687C,512,512,0.0,5685.0,3017,0.011508941650390625
/content/brain_tumor_mat/2641.mat,2641,1,MR049242C,512,512,0.0,8525.0,1282,0.00489044189453125
/content/brain_tumor_mat/2642.mat,2642,1,MR049242C,512,512,0.0,7727.0,939,0.003582000732421875
/content/brain_tumor_mat/2643.mat,2643,1,MR049242C,512,512,0.0,7558.0,1555,0.005931854248046875
/content/brain_tumor_mat/2644.mat,2644,1,MR049242C,512,512,0.0,7715.0,1506,0.00574493408203125
/content/brain_tumor_mat/2645.mat,2645,1,MR049242C,512,512,0.0,6462.0,2382,0.00908660888671875
/content/brain_tumor_mat/2646.mat,2646,1,MR053241C,512,512,0.0,5518.0,2171,0.008281707763671875
/content/brain_tumor_mat/2647.mat,2647,1,MR053241C,512,512,0.0,5617.0,1473,0.005619049072265625
/content/brain_tumor_mat/2648.mat,2648,1,MR053241C,512,512,0.0,5280.0,1262,0.00481414794921875
/content/brain_tumor_mat/2649.mat,2649,1,MR053241C,512,512,0.0,5360.0,1373,0.005237579345703125
/content/brain_tumor_mat/2650.mat,2650,1,MR034997,512,512,0.0,2172.0,2655,0.010128021240234375
/content/brain_tumor_mat/2651.mat,2651,1,MR034997,512,512,0.0,2331.0,5749,0.021930694580078125
/content/brain_tumor_mat/2652.mat,2652,1,MR034997,512,512,0.0,2030.0,6386,0.02436065673828125
/content/brain_tumor_mat/2653.mat,2653,1,MR034997,512,512,0.0,2099.0,5903,0.022518157958984375
/content/brain_tumor_mat/2654.mat,2654,1,MR034997,512,512,0.0,1714.0,6571,0.025066375732421875
/content/brain_tumor_mat/2655.mat,2655,1,MR034997,512,512,0.0,2253.0,5350,0.02040863037109375
/content/brain_tumor_mat/2656.mat,2656,1,MR034997,512,512,0.0,2042.0,4186,0.01596832275390625
/content/brain_tumor_mat/2657.mat,2657,1,MR029209E,512,512,0.0,2371.0,11048,0.042144775390625
/content/brain_tumor_mat/2658.mat,2658,1,MR029209E,512,512,0.0,2485.0,9999,0.038143157958984375
/content/brain_tumor_mat/2659.mat,2659,1,MR029209E,512,512,0.0,2219.0,9455,0.036067962646484375
/content/brain_tumor_mat/2660.mat,2660,1,MR029209E,512,512,0.0,2702.0,7511,0.028652191162109375
/content/brain_tumor_mat/2661.mat,2661,1,MR029209E,512,512,0.0,2289.0,5368,0.020477294921875
/content/brain_tumor_mat/2662.mat,2662,1,MR029209E,512,512,0.0,2323.0,4886,0.01863861083984375
/content/brain_tumor_mat/2663.mat,2663,1,MR029209E,512,512,0.0,2879.0,2741,0.010456085205078125
/content/brain_tumor_mat/2664.mat,2664,1,MR053110E,512,512,0.0,6052.0,4390,0.01674652099609375
/content/brain_tumor_mat/2665.mat,2665,1,MR053110E,512,512,0.0,6618.0,6171,0.023540496826171875
/content/brain_tumor_mat/2666.mat,2666,1,MR053110E,512,512,0.0,6651.0,4655,0.017757415771484375
/content/brain_tumor_mat/2667.mat,2667,1,MR053110E,512,512,0.0,5782.0,7357,0.028064727783203125
/content/brain_tumor_mat/2668.mat,2668,1,MR053110E,512,512,0.0,5439.0,7384,0.028167724609375
/content/brain_tumor_mat/2669.mat,2669,1,MR053110E,512,512,0.0,5306.0,8533,0.032550811767578125
/content/brain_tumor_mat/2670.mat,2670,1,MR053110E,512,512,0.0,5937.0,9380,0.0357818603515625
/content/brain_tumor_mat/2671.mat,2671,1,MR053110E,512,512,0.0,6844.0,8059,0.030742645263671875
/content/brain_tumor_mat/2672.mat,2672,1,MR053110E,512,512,0.0,7684.0,11706,0.04465484619140625
/content/brain_tumor_mat/2673.mat,2673,1,MR053110E,512,512,0.0,7051.0,10016,0.0382080078125
/content/brain_tumor_mat/2674.mat,2674,1,MR053110E,512,512,0.0,5616.0,8667,0.033061981201171875
/content/brain_tumor_mat/2675.mat,2675,1,MR049019G,512,512,0.0,3919.0,5136,0.01959228515625
/content/brain_tumor_mat/2676.mat,2676,1,MR049019G,512,512,0.0,3388.0,6117,0.023334503173828125
/content/brain_tumor_mat/2677.mat,2677,1,MR049019G,512,512,0.0,3893.0,7069,0.026966094970703125
/content/brain_tumor_mat/2678.mat,2678,1,MR031409B,512,512,0.0,2275.0,2187,0.008342742919921875
/content/brain_tumor_mat/2679.mat,2679,1,MR031409B,512,512,0.0,2676.0,1478,0.00563812255859375
/content/brain_tumor_mat/2680.mat,2680,1,MR024780D,512,512,0.0,2416.0,1539,0.005870819091796875
/content/brain_tumor_mat/2681.mat,2681,1,MR024780D,512,512,0.0,2260.0,1110,0.00423431396484375
/content/brain_tumor_mat/2682.mat,2682,1,MR038469,512,512,0.0,2907.0,1994,0.00760650634765625
/content/brain_tumor_mat/2683.mat,2683,1,MR038469,512,512,0.0,3090.0,3097,0.011814117431640625
/content/brain_tumor_mat/2684.mat,2684,1,MR038469,512,512,0.0,3078.0,2418,0.00922393798828125
/content/brain_tumor_mat/2685.mat,2685,1,MR038469,512,512,0.0,2700.0,1931,0.007366180419921875
/content/brain_tumor_mat/2686.mat,2686,1,MR038469,512,512,0.0,2628.0,1065,0.004062652587890625
/content/brain_tumor_mat/2687.mat,2687,1,MR038469,512,512,0.0,2518.0,859,0.003276824951171875
/content/brain_tumor_mat/2688.mat,2688,1,MR032322C,512,512,0.0,5782.0,3296,0.0125732421875
/content/brain_tumor_mat/2689.mat,2689,1,MR032322C,512,512,0.0,5598.0,5334,0.02034759521484375
/content/brain_tumor_mat/2690.mat,2690,1,MR032322C,512,512,0.0,9728.0,5681,0.021671295166015625
/content/brain_tumor_mat/2691.mat,2691,1,MR032322C,512,512,0.0,6578.0,4713,0.017978668212890625
/content/brain_tumor_mat/2692.mat,2692,1,MR032322C,512,512,0.0,5950.0,4185,0.015964508056640625
/content/brain_tumor_mat/2693.mat,2693,1,MR032322C,512,512,0.0,4698.0,1812,0.0069122314453125
/content/brain_tumor_mat/2694.mat,2694,1,MR032322C,512,512,0.0,5576.0,6519,0.024868011474609375
/content/brain_tumor_mat/2695.mat,2695,1,MR032322C,512,512,0.0,5482.0,10874,0.04148101806640625
/content/brain_tumor_mat/2696.mat,2696,1,MR032322C,512,512,0.0,6378.0,11837,0.045154571533203125
/content/brain_tumor_mat/2697.mat,2697,1,MR032322C,512,512,0.0,5517.0,10446,0.03984832763671875
/content/brain_tumor_mat/2698.mat,2698,1,MR032322C,512,512,0.0,5566.0,12886,0.04915618896484375
/content/brain_tumor_mat/2699.mat,2699,1,MR032322C,512,512,0.0,5892.0,10462,0.03990936279296875
/content/brain_tumor_mat/2700.mat,2700,1,MR032322C,512,512,0.0,5915.0,6031,0.023006439208984375
/content/brain_tumor_mat/2701.mat,2701,1,MR032322C,512,512,0.0,5429.0,5888,0.0224609375
/content/brain_tumor_mat/2702.mat,2702,1,MR037458B,512,512,0.0,4580.0,659,0.002513885498046875
/content/brain_tumor_mat/2703.mat,2703,1,MR037458B,512,512,0.0,4736.0,1715,0.006542205810546875
/content/brain_tumor_mat/2704.mat,2704,1,MR037458B,512,512,0.0,4616.0,3343,0.012752532958984375
/content/brain_tumor_mat/2705.mat,2705,1,MR037458B,512,512,0.0,4663.0,5315,0.020275115966796875
/content/brain_tumor_mat/2706.mat,2706,1,MR037458B,512,512,0.0,5040.0,4581,0.017475128173828125
/content/brain_tumor_mat/2707.mat,2707,1,MR037458B,512,512,0.0,5199.0,2949,0.011249542236328125
/content/brain_tumor_mat/2708.mat,2708,1,MR037458B,512,512,0.0,5298.0,1367,0.005214691162109375
/content/brain_tumor_mat/2709.mat,2709,1,MR037458B,512,512,0.0,5520.0,1682,0.00641632080078125
/content/brain_tumor_mat/2710.mat,2710,1,MR039473,512,512,0.0,6837.0,7222,0.02754974365234375
/content/brain_tumor_mat/2711.mat,2711,1,MR039473,512,512,0.0,7267.0,6370,0.02429962158203125
/content/brain_tumor_mat/2712.mat,2712,1,MR039473,512,512,0.0,7521.0,4535,0.017299652099609375
/content/brain_tumor_mat/2713.mat,2713,1,MR039473,512,512,0.0,7218.0,3729,0.014225006103515625
/content/brain_tumor_mat/2714.mat,2714,1,MR039473B,512,512,0.0,5281.0,2228,0.0084991455078125
/content/brain_tumor_mat/2715.mat,2715,1,MR039473B,512,512,0.0,5109.0,2680,0.010223388671875
/content/brain_tumor_mat/2716.mat,2716,1,MR039473B,512,512,0.0,5002.0,4220,0.0160980224609375
/content/brain_tumor_mat/2717.mat,2717,1,MR039473B,512,512,0.0,5307.0,3690,0.01407623291015625
/content/brain_tumor_mat/2718.mat,2718,1,MR039473B,512,512,0.0,4704.0,4895,0.018672943115234375
/content/brain_tumor_mat/2719.mat,2719,1,MR039473B,512,512,0.0,5049.0,5217,0.019901275634765625
/content/brain_tumor_mat/2720.mat,2720,1,MR039473B,512,512,0.0,4024.0,6523,0.024883270263671875
/content/brain_tumor_mat/2721.mat,2721,1,MR039473B,512,512,0.0,4335.0,6316,0.0240936279296875
/content/brain_tumor_mat/2722.mat,2722,1,MR039473B,512,512,0.0,4222.0,7106,0.02710723876953125
/content/brain_tumor_mat/2723.mat,2723,1,MR037458C,512,512,0.0,5746.0,6493,0.024768829345703125
/content/brain_tumor_mat/2724.mat,2724,1,MR037458C,512,512,0.0,6780.0,10256,0.03912353515625
/content/brain_tumor_mat/2725.mat,2725,1,MR037458C,512,512,0.0,5573.0,8904,0.033966064453125
/content/brain_tumor_mat/2726.mat,2726,1,MR037458C,512,512,0.0,5804.0,13751,0.052455902099609375
/content/brain_tumor_mat/2727.mat,2727,1,MR037458C,512,512,0.0,5504.0,14376,0.054840087890625
/content/brain_tumor_mat/2728.mat,2728,1,MR037458C,512,512,0.0,6079.0,12481,0.047611236572265625
/content/brain_tumor_mat/2729.mat,2729,1,MR037458C,512,512,0.0,7098.0,9943,0.037929534912109375
/content/brain_tumor_mat/2730.mat,2730,1,MR037458C,512,512,0.0,6677.0,6732,0.0256805419921875
/content/brain_tumor_mat/2731.mat,2731,1,MR029209E,512,512,0.0,1702.0,2377,0.009067535400390625
/content/brain_tumor_mat/2732.mat,2732,1,MR029209E,512,512,0.0,1788.0,2219,0.008464813232421875
/content/brain_tumor_mat/2733.mat,2733,1,MR029209E,512,512,0.0,1585.0,5740,0.0218963623046875
/content/brain_tumor_mat/2734.mat,2734,1,MR029209E,512,512,0.0,1529.0,8582,0.03273773193359375
/content/brain_tumor_mat/2735.mat,2735,1,MR029209E,512,512,0.0,1617.0,6026,0.02298736572265625
/content/brain_tumor_mat/2736.mat,2736,1,MR029209E,512,512,0.0,1574.0,9408,0.035888671875
/content/brain_tumor_mat/2737.mat,2737,1,MR029209E,512,512,0.0,1952.0,1420,0.0054168701171875
/content/brain_tumor_mat/2738.mat,2738,1,MR053110E,512,512,0.0,4968.0,10387,0.039623260498046875
/content/brain_tumor_mat/2739.mat,2739,1,MR053110E,512,512,0.0,4328.0,8584,0.032745361328125
/content/brain_tumor_mat/2740.mat,2740,1,MR053110E,512,512,0.0,4402.0,9301,0.035480499267578125
/content/brain_tumor_mat/2741.mat,2741,1,MR053110E,512,512,0.0,4185.0,9881,0.037693023681640625
/content/brain_tumor_mat/2742.mat,2742,1,MR053110E,512,512,0.0,5569.0,5761,0.021976470947265625
/content/brain_tumor_mat/2743.mat,2743,1,MR049019G,512,512,0.0,2725.0,3400,0.012969970703125
/content/brain_tumor_mat/2744.mat,2744,1,MR049019G,512,512,0.0,2950.0,3775,0.014400482177734375
/content/brain_tumor_mat/2745.mat,2745,1,MR049019G,512,512,0.0,2619.0,10240,0.0390625
/content/brain_tumor_mat/2746.mat,2746,1,MR049019G,512,512,0.0,3083.0,6382,0.02434539794921875
/content/brain_tumor_mat/2747.mat,2747,1,MR049019G,512,512,0.0,3208.0,2322,0.00885772705078125
/content/brain_tumor_mat/2748.mat,2748,1,MR031409B,512,512,0.0,2285.0,1146,0.00437164306640625
/content/brain_tumor_mat/2749.mat,2749,1,MR031409B,512,512,0.0,2588.0,1006,0.00383758544921875
/content/brain_tumor_mat/2750.mat,2750,1,MR024780D,512,512,0.0,1678.0,739,0.002819061279296875
/content/brain_tumor_mat/2751.mat,2751,1,MR024780D,512,512,0.0,1731.0,749,0.002857208251953125
/content/brain_tumor_mat/2752.mat,2752,1,MR024780D,512,512,0.0,1643.0,595,0.002269744873046875
/content/brain_tumor_mat/2753.mat,2753,1,MR038469,512,512,0.0,2137.0,474,0.00180816650390625
/content/brain_tumor_mat/2754.mat,2754,1,MR038469,512,512,0.0,2250.0,1411,0.005382537841796875
/content/brain_tumor_mat/2755.mat,2755,1,MR038469,512,512,0.0,2076.0,1041,0.003971099853515625
/content/brain_tumor_mat/2756.mat,2756,1,MR038469,512,512,0.0,2225.0,509,0.001941680908203125
/content/brain_tumor_mat/2757.mat,2757,1,MR038469,512,512,0.0,1930.0,370,0.00141143798828125
/content/brain_tumor_mat/2758.mat,2758,1,MR032322C,512,512,0.0,3460.0,5050,0.01926422119140625
/content/brain_tumor_mat/2759.mat,2759,1,MR032322C,512,512,0.0,3669.0,13257,0.050571441650390625
/content/brain_tumor_mat/2760.mat,2760,1,MR032322C,512,512,0.0,5183.0,5590,0.02132415771484375
/content/brain_tumor_mat/2761.mat,2761,1,MR032322C,512,512,0.0,3582.0,19638,0.07491302490234375
/content/brain_tumor_mat/2762.mat,2762,1,MR032322C,512,512,0.0,3899.0,21777,0.08307266235351562
/content/brain_tumor_mat/2763.mat,2763,1,MR032322C,512,512,0.0,5216.0,25461,0.09712600708007812
/content/brain_tumor_mat/2764.mat,2764,1,MR032322C,512,512,0.0,4133.0,18327,0.06991195678710938
/content/brain_tumor_mat/2765.mat,2765,1,MR032322C,512,512,0.0,4211.0,19122,0.07294464111328125
/content/brain_tumor_mat/2766.mat,2766,1,MR032322C,512,512,0.0,4361.0,9449,0.036045074462890625
/content/brain_tumor_mat/2767.mat,2767,1,MR032322C,512,512,0.0,4446.0,12841,0.048984527587890625
/content/brain_tumor_mat/2768.mat,2768,1,MR032322C,512,512,0.0,4166.0,15094,0.05757904052734375
/content/brain_tumor_mat/2769.mat,2769,1,MR037458B,512,512,0.0,3894.0,3694,0.01409149169921875
/content/brain_tumor_mat/2770.mat,2770,1,MR037458B,512,512,0.0,3801.0,1899,0.007244110107421875
/content/brain_tumor_mat/2771.mat,2771,1,MR037458B,512,512,0.0,4263.0,6592,0.025146484375
/content/brain_tumor_mat/2772.mat,2772,1,MR037458B,512,512,0.0,3583.0,4766,0.01818084716796875
/content/brain_tumor_mat/2773.mat,2773,1,MR037458B,512,512,0.0,3531.0,4642,0.01770782470703125
/content/brain_tumor_mat/2774.mat,2774,1,MR039473,512,512,0.0,4366.0,2310,0.00881195068359375
/content/brain_tumor_mat/2775.mat,2775,1,MR039473,512,512,0.0,4610.0,4341,0.016559600830078125
/content/brain_tumor_mat/2776.mat,2776,1,MR039473,512,512,0.0,5377.0,5706,0.02176666259765625
/content/brain_tumor_mat/2777.mat,2777,1,MR039473,512,512,0.0,4488.0,7092,0.0270538330078125
/content/brain_tumor_mat/2778.mat,2778,1,MR039473,512,512,0.0,5848.0,7308,0.0278778076171875
/content/brain_tumor_mat/2779.mat,2779,1,MR039473,512,512,0.0,4617.0,8452,0.0322418212890625
/content/brain_tumor_mat/2780.mat,2780,1,MR039473B,512,512,0.0,5362.0,1825,0.006961822509765625
/content/brain_tumor_mat/2781.mat,2781,1,MR039473B,512,512,0.0,4738.0,2479,0.009456634521484375
/content/brain_tumor_mat/2782.mat,2782,1,MR039473B,512,512,0.0,3327.0,3698,0.01410675048828125
/content/brain_tumor_mat/2783.mat,2783,1,MR039473B,512,512,0.0,3022.0,5905,0.022525787353515625
/content/brain_tumor_mat/2784.mat,2784,1,MR039473B,512,512,0.0,3618.0,5054,0.01927947998046875
/content/brain_tumor_mat/2785.mat,2785,1,MR039473B,512,512,0.0,3363.0,4077,0.015552520751953125
/content/brain_tumor_mat/2786.mat,2786,1,MR039473B,512,512,0.0,2893.0,6509,0.024829864501953125
/content/brain_tumor_mat/2787.mat,2787,1,MR040240,512,512,0.0,2862.0,6309,0.024066925048828125
/content/brain_tumor_mat/2788.mat,2788,1,MR040240,512,512,0.0,4236.0,3796,0.0144805908203125
/content/brain_tumor_mat/2789.mat,2789,1,MR040240,512,512,0.0,3377.0,13394,0.05109405517578125
/content/brain_tumor_mat/2790.mat,2790,1,MR040240,512,512,0.0,3160.0,13799,0.052639007568359375
/content/brain_tumor_mat/2791.mat,2791,1,MR040240,512,512,0.0,3207.0,10171,0.038799285888671875
/content/brain_tumor_mat/2792.mat,2792,1,MR040240,512,512,0.0,3000.0,4663,0.017787933349609375
/content/brain_tumor_mat/2793.mat,2793,1,MR040240,512,512,0.0,2883.0,4083,0.015575408935546875
/content/brain_tumor_mat/2794.mat,2794,1,MR040240,512,512,0.0,2847.0,1825,0.006961822509765625
/content/brain_tumor_mat/2795.mat,2795,1,MR040240B,512,512,0.0,4666.0,14497,0.055301666259765625
/content/brain_tumor_mat/2796.mat,2796,1,MR040240B,512,512,0.0,4419.0,16656,0.06353759765625
/content/brain_tumor_mat/2797.mat,2797,1,MR040240B,512,512,0.0,4202.0,14145,0.053958892822265625
/content/brain_tumor_mat/2798.mat,2798,1,MR040240B,512,512,0.0,3889.0,3332,0.0127105712890625
/content/brain_tumor_mat/2799.mat,2799,1,MR040240B,512,512,0.0,4524.0,4954,0.01889801025390625
/content/brain_tumor_mat/2800.mat,2800,1,MR029209G,512,512,0.0,4249.0,4304,0.01641845703125
/content/brain_tumor_mat/2801.mat,2801,1,MR029209G,512,512,0.0,4269.0,5817,0.022190093994140625
/content/brain_tumor_mat/2802.mat,2802,1,MR029209G,512,512,0.0,4163.0,4582,0.01747894287109375
/content/brain_tumor_mat/2803.mat,2803,1,MR029209G,512,512,0.0,4835.0,4746,0.01810455322265625
/content/brain_tumor_mat/2804.mat,2804,1,MR029209G,512,512,0.0,6392.0,1702,0.00649261474609375
/content/brain_tumor_mat/2805.mat,2805,1,MR036496B,512,512,0.0,4726.0,5234,0.01996612548828125
/content/brain_tumor_mat/2806.mat,2806,1,MR036496B,512,512,0.0,4672.0,7670,0.02925872802734375
/content/brain_tumor_mat/2807.mat,2807,1,MR036496B,512,512,0.0,4796.0,2547,0.009716033935546875
/content/brain_tumor_mat/2808.mat,2808,1,MR036496B,512,512,0.0,4632.0,1507,0.005748748779296875
/content/brain_tumor_mat/2809.mat,2809,1,MR033420,512,512,0.0,2161.0,2633,0.010044097900390625
/content/brain_tumor_mat/2810.mat,2810,1,MR033420,512,512,0.0,2258.0,2675,0.010204315185546875
/content/brain_tumor_mat/2811.mat,2811,1,MR033420,512,512,0.0,2157.0,5236,0.0199737548828125
/content/brain_tumor_mat/2812.mat,2812,1,MR033420,512,512,0.0,2248.0,8401,0.032047271728515625
/content/brain_tumor_mat/2813.mat,2813,1,MR033420,512,512,0.0,2179.0,11374,0.04338836669921875
/content/brain_tumor_mat/2814.mat,2814,1,MR033420,512,512,0.0,2489.0,10957,0.041797637939453125
/content/brain_tumor_mat/2815.mat,2815,1,MR033420,512,512,0.0,2500.0,11688,0.044586181640625
/content/brain_tumor_mat/2816.mat,2816,1,MR033420,512,512,0.0,2463.0,3396,0.0129547119140625
/content/brain_tumor_mat/2817.mat,2817,1,MR024780B,512,512,0.0,2479.0,2995,0.011425018310546875
/content/brain_tumor_mat/2818.mat,2818,1,MR024780B,512,512,0.0,2515.0,1504,0.0057373046875
/content/brain_tumor_mat/2819.mat,2819,1,MR024780B,512,512,0.0,2454.0,1937,0.007389068603515625
/content/brain_tumor_mat/2820.mat,2820,1,MR024780B,512,512,0.0,2675.0,1207,0.004604339599609375
/content/brain_tumor_mat/2821.mat,2821,1,MR033389B,512,512,0.0,1884.0,11684,0.0445709228515625
/content/brain_tumor_mat/2822.mat,2822,1,MR048294,512,512,0.0,3761.0,1515,0.005779266357421875
/content/brain_tumor_mat/2823.mat,2823,1,MR048297,512,512,0.0,3381.0,332,0.0012664794921875
/content/brain_tumor_mat/2824.mat,2824,1,MR048297,512,512,0.0,4227.0,320,0.001220703125
/content/brain_tumor_mat/2825.mat,2825,1,MR048297,512,512,0.0,3090.0,1523,0.005809783935546875
/content/brain_tumor_mat/2826.mat,2826,1,MR048297,512,512,0.0,3272.0,1921,0.007328033447265625
/content/brain_tumor_mat/2827.mat,2827,1,MR048297,512,512,0.0,2946.0,1577,0.006015777587890625
/content/brain_tumor_mat/2828.mat,2828,1,MR048297,512,512,0.0,2844.0,1440,0.0054931640625
/content/brain_tumor_mat/2829.mat,2829,1,MR048297,512,512,0.0,2911.0,1432,0.005462646484375
/content/brain_tumor_mat/2830.mat,2830,1,MR048297,512,512,0.0,3243.0,746,0.00284576416015625
/content/brain_tumor_mat/2831.mat,2831,1,MR048294B,512,512,0.0,3205.0,4608,0.017578125
/content/brain_tumor_mat/2832.mat,2832,1,MR048294B,512,512,0.0,3793.0,1469,0.005603790283203125
/content/brain_tumor_mat/2833.mat,2833,1,MR048294B,512,512,0.0,2764.0,2788,0.0106353759765625
/content/brain_tumor_mat/2834.mat,2834,1,MR048294B,512,512,0.0,2771.0,2748,0.0104827880859375
/content/brain_tumor_mat/2835.mat,2835,1,MR048294B,512,512,0.0,3110.0,789,0.003009796142578125
/content/brain_tumor_mat/2836.mat,2836,1,MR048294B,512,512,0.0,2992.0,381,0.001453399658203125
/content/brain_tumor_mat/2837.mat,2837,1,MR048621B,512,512,0.0,3765.0,2160,0.00823974609375
/content/brain_tumor_mat/2838.mat,2838,1,MR048621B,512,512,0.0,3625.0,5860,0.0223541259765625
/content/brain_tumor_mat/2839.mat,2839,1,MR048621B,512,512,0.0,3852.0,7769,0.029636383056640625
/content/brain_tumor_mat/2840.mat,2840,1,MR048944,512,512,0.0,3585.0,5500,0.0209808349609375
/content/brain_tumor_mat/2841.mat,2841,1,MR048944,512,512,0.0,3824.0,11149,0.042530059814453125
/content/brain_tumor_mat/2842.mat,2842,1,MR048944,512,512,0.0,4136.0,6432,0.0245361328125
/content/brain_tumor_mat/2843.mat,2843,1,MR048944,512,512,0.0,4478.0,6033,0.023014068603515625
/content/brain_tumor_mat/2844.mat,2844,1,MR048944,512,512,0.0,4639.0,3907,0.014904022216796875
/content/brain_tumor_mat/2845.mat,2845,1,MR048944,512,512,0.0,4016.0,2387,0.009105682373046875
/content/brain_tumor_mat/2846.mat,2846,1,MR048994,512,512,0.0,4254.0,2058,0.00785064697265625
/content/brain_tumor_mat/2847.mat,2847,1,MR048994,512,512,0.0,4459.0,8165,0.031147003173828125
/content/brain_tumor_mat/2848.mat,2848,1,MR048994,512,512,0.0,3619.0,12315,0.046977996826171875
/content/brain_tumor_mat/2849.mat,2849,1,MR048994,512,512,0.0,3304.0,12328,0.047027587890625
/content/brain_tumor_mat/2850.mat,2850,1,MR048994,512,512,0.0,3249.0,9937,0.037906646728515625
/content/brain_tumor_mat/2851.mat,2851,1,MR048994,512,512,0.0,2805.0,10308,0.0393218994140625
/content/brain_tumor_mat/2852.mat,2852,1,MR048994,512,512,0.0,2556.0,6128,0.02337646484375
/content/brain_tumor_mat/2853.mat,2853,1,MR048994,512,512,0.0,2715.0,3652,0.0139312744140625
/content/brain_tumor_mat/2854.mat,2854,1,MR049104,512,512,0.0,2581.0,1290,0.00492095947265625
/content/brain_tumor_mat/2855.mat,2855,1,MR049104,512,512,0.0,2545.0,1972,0.0075225830078125
/content/brain_tumor_mat/2856.mat,2856,1,MR049104,512,512,0.0,2622.0,990,0.00377655029296875
/content/brain_tumor_mat/2857.mat,2857,1,MR049104,512,512,0.0,3126.0,670,0.00255584716796875
/content/brain_tumor_mat/2858.mat,2858,1,MR049142,512,512,0.0,2120.0,3055,0.011653900146484375
/content/brain_tumor_mat/2859.mat,2859,1,MR049142,512,512,0.0,2150.0,3551,0.013545989990234375
/content/brain_tumor_mat/2860.mat,2860,1,MR049142,512,512,0.0,2303.0,3281,0.012516021728515625
/content/brain_tumor_mat/2861.mat,2861,1,MR048994B,512,512,0.0,3975.0,2208,0.0084228515625
/content/brain_tumor_mat/2862.mat,2862,1,MR048994B,512,512,0.0,3527.0,2544,0.00970458984375
/content/brain_tumor_mat/2863.mat,2863,1,MR048994B,512,512,0.0,3295.0,3464,0.013214111328125
/content/brain_tumor_mat/2864.mat,2864,1,MR048994B,512,512,0.0,3391.0,3705,0.014133453369140625
/content/brain_tumor_mat/2865.mat,2865,1,MR048994B,512,512,0.0,3146.0,820,0.0031280517578125
/content/brain_tumor_mat/2866.mat,2866,1,MR049358,512,512,0.0,3154.0,2265,0.008640289306640625
/content/brain_tumor_mat/2867.mat,2867,1,MR049358,512,512,0.0,2818.0,6010,0.02292633056640625
/content/brain_tumor_mat/2868.mat,2868,1,MR049358,512,512,0.0,3276.0,10918,0.04164886474609375
/content/brain_tumor_mat/2869.mat,2869,1,MR049358,512,512,0.0,2810.0,14088,0.053741455078125
/content/brain_tumor_mat/2870.mat,2870,1,MR049358,512,512,0.0,3066.0,13414,0.05117034912109375
/content/brain_tumor_mat/2871.mat,2871,1,MR049358,512,512,0.0,2680.0,10413,0.039722442626953125
/content/brain_tumor_mat/2872.mat,2872,1,MR049358,512,512,0.0,3081.0,5119,0.019527435302734375
/content/brain_tumor_mat/2873.mat,2873,1,MR049104B,512,512,0.0,3480.0,736,0.0028076171875
/content/brain_tumor_mat/2874.mat,2874,1,MR049104B,512,512,0.0,3028.0,1661,0.006336212158203125
/content/brain_tumor_mat/2875.mat,2875,1,MR049104B,512,512,0.0,2997.0,1614,0.00615692138671875
/content/brain_tumor_mat/2876.mat,2876,1,MR049453,512,512,0.0,5215.0,1820,0.0069427490234375
/content/brain_tumor_mat/2877.mat,2877,1,MR049453,512,512,0.0,4762.0,4729,0.018039703369140625
/content/brain_tumor_mat/2878.mat,2878,1,MR049453,512,512,0.0,4180.0,7461,0.028461456298828125
/content/brain_tumor_mat/2879.mat,2879,1,MR049453,512,512,0.0,4143.0,12266,0.04679107666015625
/content/brain_tumor_mat/2880.mat,2880,1,MR049453,512,512,0.0,3791.0,8342,0.03182220458984375
/content/brain_tumor_mat/2881.mat,2881,1,MR049453,512,512,0.0,3381.0,7823,0.029842376708984375
/content/brain_tumor_mat/2882.mat,2882,1,MR049453,512,512,0.0,3286.0,11020,0.0420379638671875
/content/brain_tumor_mat/2883.mat,2883,1,MR049453,512,512,0.0,3486.0,1222,0.00466156005859375
/content/brain_tumor_mat/2884.mat,2884,1,MR049453,512,512,0.0,3784.0,1638,0.00624847412109375
/content/brain_tumor_mat/2885.mat,2885,1,MR024780G,512,512,0.0,3073.0,1112,0.004241943359375
/content/brain_tumor_mat/2886.mat,2886,1,MR024780G,512,512,0.0,3576.0,2992,0.01141357421875
/content/brain_tumor_mat/2887.mat,2887,1,MR024780G,512,512,0.0,3271.0,7236,0.0276031494140625
/content/brain_tumor_mat/2888.mat,2888,1,MR024780G,512,512,0.0,3196.0,6752,0.0257568359375
/content/brain_tumor_mat/2889.mat,2889,1,MR024780G,512,512,0.0,3334.0,4239,0.016170501708984375
/content/brain_tumor_mat/2890.mat,2890,1,MR024780G,512,512,0.0,3970.0,8744,0.033355712890625
/content/brain_tumor_mat/2891.mat,2891,1,MR050135B,512,512,0.0,3244.0,3051,0.011638641357421875
/content/brain_tumor_mat/2892.mat,2892,1,MR050135B,512,512,0.0,3091.0,4029,0.015369415283203125
/content/brain_tumor_mat/2893.mat,2893,1,MR050135B,512,512,0.0,3455.0,5186,0.01978302001953125
/content/brain_tumor_mat/2894.mat,2894,1,MR050135B,512,512,0.0,3150.0,11145,0.042514801025390625
/content/brain_tumor_mat/2895.mat,2895,1,MR050135B,512,512,0.0,3462.0,1168,0.00445556640625
/content/brain_tumor_mat/2896.mat,2896,1,MR050135B,512,512,0.0,3520.0,3264,0.012451171875
/content/brain_tumor_mat/2897.mat,2897,1,MR050135B,512,512,0.0,3186.0,4275,0.016307830810546875
/content/brain_tumor_mat/2898.mat,2898,1,MR050135B,512,512,0.0,3282.0,3320,0.012664794921875
/content/brain_tumor_mat/2899.mat,2899,1,MR050135B,512,512,0.0,3554.0,1518,0.00579071044921875
/content/brain_tumor_mat/2900.mat,2900,1,MR050687,512,512,0.0,4071.0,2670,0.01018524169921875
/content/brain_tumor_mat/2901.mat,2901,1,MR050687,512,512,0.0,5392.0,4746,0.01810455322265625
/content/brain_tumor_mat/2902.mat,2902,1,MR050687,512,512,0.0,5420.0,5896,0.022491455078125
/content/brain_tumor_mat/2903.mat,2903,1,MR050687,512,512,0.0,4659.0,5288,0.020172119140625
/content/brain_tumor_mat/2904.mat,2904,1,MR050687,512,512,0.0,4744.0,4159,0.015865325927734375
/content/brain_tumor_mat/2905.mat,2905,1,MR050687,512,512,0.0,5059.0,3007,0.011470794677734375
/content/brain_tumor_mat/2906.mat,2906,1,MR050791B,512,512,0.0,2584.0,745,0.002841949462890625
/content/brain_tumor_mat/2907.mat,2907,1,MR050791B,512,512,0.0,2385.0,2440,0.009307861328125
/content/brain_tumor_mat/2908.mat,2908,1,MR050791B,512,512,0.0,2619.0,3684,0.0140533447265625
/content/brain_tumor_mat/2909.mat,2909,1,MR050791B,512,512,0.0,3177.0,5347,0.020397186279296875
/content/brain_tumor_mat/2910.mat,2910,1,MR050791B,512,512,0.0,2910.0,3972,0.0151519775390625
/content/brain_tumor_mat/2911.mat,2911,1,MR050791B,512,512,0.0,2580.0,2658,0.01013946533203125
/content/brain_tumor_mat/2912.mat,2912,1,MR050791B,512,512,0.0,2721.0,2695,0.010280609130859375
/content/brain_tumor_mat/2913.mat,2913,1,MR050791B,512,512,0.0,3153.0,1891,0.007213592529296875
/content/brain_tumor_mat/2914.mat,2914,1,MR049019C,512,512,0.0,4109.0,407,0.001552581787109375
/content/brain_tumor_mat/2915.mat,2915,1,MR049019C,512,512,0.0,4317.0,1358,0.00518035888671875
/content/brain_tumor_mat/2916.mat,2916,1,MR049019C,512,512,0.0,3988.0,1605,0.006122589111328125
/content/brain_tumor_mat/2917.mat,2917,1,MR049019C,512,512,0.0,4038.0,1815,0.006923675537109375
/content/brain_tumor_mat/2918.mat,2918,1,MR051461,512,512,0.0,3310.0,6519,0.024868011474609375
/content/brain_tumor_mat/2919.mat,2919,1,MR051461,512,512,0.0,2997.0,8282,0.03159332275390625
/content/brain_tumor_mat/2920.mat,2920,1,MR051461,512,512,0.0,3059.0,9257,0.035312652587890625
/content/brain_tumor_mat/2921.mat,2921,1,MR051461,512,512,0.0,2911.0,7566,0.02886199951171875
/content/brain_tumor_mat/2922.mat,2922,1,MR051461,512,512,0.0,2961.0,6761,0.025791168212890625
/content/brain_tumor_mat/2923.mat,2923,1,MR051461,512,512,0.0,2743.0,4644,0.0177154541015625
/content/brain_tumor_mat/2924.mat,2924,1,MR051461,512,512,0.0,2771.0,2814,0.01073455810546875
/content/brain_tumor_mat/2925.mat,2925,1,MR051586,512,512,0.0,3184.0,923,0.003520965576171875
/content/brain_tumor_mat/2926.mat,2926,1,MR051586,512,512,0.0,2528.0,2096,0.00799560546875
/content/brain_tumor_mat/2927.mat,2927,1,MR051586,512,512,0.0,2969.0,2084,0.0079498291015625
/content/brain_tumor_mat/2928.mat,2928,1,MR051586,512,512,0.0,2553.0,6254,0.02385711669921875
/content/brain_tumor_mat/2929.mat,2929,1,MR051586,512,512,0.0,3169.0,4245,0.016193389892578125
/content/brain_tumor_mat/2930.mat,2930,1,MR051586,512,512,0.0,2770.0,3871,0.014766693115234375
/content/brain_tumor_mat/2931.mat,2931,1,MR051586,512,512,0.0,2946.0,3598,0.01372528076171875
/content/brain_tumor_mat/2932.mat,2932,1,MR051586,512,512,0.0,3189.0,3315,0.012645721435546875
/content/brain_tumor_mat/2933.mat,2933,1,MR051586,512,512,0.0,2984.0,2080,0.0079345703125
/content/brain_tumor_mat/2934.mat,2934,1,MR051644,512,512,0.0,3424.0,8667,0.033061981201171875
/content/brain_tumor_mat/2935.mat,2935,1,MR051644,512,512,0.0,3420.0,8008,0.030548095703125
/content/brain_tumor_mat/2936.mat,2936,1,MR051644,512,512,0.0,3427.0,8634,0.03293609619140625
/content/brain_tumor_mat/2937.mat,2937,1,MR051644,512,512,0.0,3787.0,9523,0.036327362060546875
/content/brain_tumor_mat/2938.mat,2938,1,MR051644,512,512,0.0,3472.0,13196,0.0503387451171875
/content/brain_tumor_mat/2939.mat,2939,1,MR051644,512,512,0.0,3311.0,15635,0.059642791748046875
/content/brain_tumor_mat/2940.mat,2940,1,MR051644,512,512,0.0,2915.0,15771,0.060161590576171875
/content/brain_tumor_mat/2941.mat,2941,1,MR051644,512,512,0.0,2884.0,13371,0.051006317138671875
/content/brain_tumor_mat/2942.mat,2942,1,MR051644,512,512,0.0,2977.0,8680,0.033111572265625
/content/brain_tumor_mat/2943.mat,2943,1,MR051644,512,512,0.0,2814.0,4203,0.016033172607421875
/content/brain_tumor_mat/2944.mat,2944,1,MR051651,512,512,0.0,4108.0,4020,0.0153350830078125
/content/brain_tumor_mat/2945.mat,2945,1,MR051651,512,512,0.0,4278.0,6531,0.024913787841796875
/content/brain_tumor_mat/2946.mat,2946,1,MR051651,512,512,0.0,4075.0,5962,0.02274322509765625
/content/brain_tumor_mat/2947.mat,2947,1,MR051651,512,512,0.0,3550.0,3592,0.013702392578125
/content/brain_tumor_mat/2948.mat,2948,1,MR051796,512,512,0.0,3448.0,6548,0.0249786376953125
/content/brain_tumor_mat/2949.mat,2949,1,MR051796,512,512,0.0,3306.0,9898,0.03775787353515625
/content/brain_tumor_mat/2950.mat,2950,1,MR051796,512,512,0.0,3420.0,10649,0.040622711181640625
/content/brain_tumor_mat/2951.mat,2951,1,MR051796,512,512,0.0,3248.0,9121,0.034793853759765625
/content/brain_tumor_mat/2952.mat,2952,1,MR051796,512,512,0.0,3026.0,6142,0.02342987060546875
/content/brain_tumor_mat/2953.mat,2953,1,MR051796,512,512,0.0,2835.0,2745,0.010471343994140625
/content/brain_tumor_mat/2954.mat,2954,1,MR051796,512,512,0.0,2689.0,1123,0.004283905029296875
/content/brain_tumor_mat/2955.mat,2955,1,MR051651B,512,512,0.0,2722.0,2564,0.0097808837890625
/content/brain_tumor_mat/2956.mat,2956,1,MR051651B,512,512,0.0,2784.0,5841,0.022281646728515625
/content/brain_tumor_mat/2957.mat,2957,1,MR051651B,512,512,0.0,2712.0,5387,0.020549774169921875
/content/brain_tumor_mat/2958.mat,2958,1,MR051651B,512,512,0.0,2815.0,6010,0.02292633056640625
/content/brain_tumor_mat/2959.mat,2959,1,MR051651B,512,512,0.0,2845.0,5845,0.022296905517578125
/content/brain_tumor_mat/2960.mat,2960,1,MR051651B,512,512,0.0,2376.0,3929,0.014987945556640625
/content/brain_tumor_mat/2961.mat,2961,1,MR051644B,512,512,0.0,2886.0,3163,0.012065887451171875
/content/brain_tumor_mat/2962.mat,2962,1,MR051644B,512,512,0.0,3338.0,2484,0.0094757080078125
/content/brain_tumor_mat/2963.mat,2963,1,MR051644B,512,512,0.0,3170.0,7717,0.029438018798828125
/content/brain_tumor_mat/2964.mat,2964,1,MR051644B,512,512,0.0,5165.0,9756,0.0372161865234375
/content/brain_tumor_mat/2965.mat,2965,1,MR051644B,512,512,0.0,4290.0,8776,0.033477783203125
/content/brain_tumor_mat/2966.mat,2966,1,MR051644B,512,512,0.0,3698.0,1416,0.005401611328125
/content/brain_tumor_mat/2967.mat,2967,1,MR051644B,512,512,0.0,3086.0,4940,0.0188446044921875
/content/brain_tumor_mat/2968.mat,2968,1,MR051644B,512,512,0.0,3228.0,4251,0.016216278076171875
/content/brain_tumor_mat/2969.mat,2969,1,MR051644B,512,512,0.0,2774.0,5243,0.020000457763671875
/content/brain_tumor_mat/2970.mat,2970,1,MR051796B,512,512,0.0,3450.0,4526,0.01726531982421875
/content/brain_tumor_mat/2971.mat,2971,1,MR051796B,512,512,0.0,3064.0,4907,0.018718719482421875
/content/brain_tumor_mat/2972.mat,2972,1,MR051796B,512,512,0.0,3155.0,2851,0.010875701904296875
/content/brain_tumor_mat/2973.mat,2973,1,MR051796B,512,512,0.0,3175.0,1379,0.005260467529296875
/content/brain_tumor_mat/2974.mat,2974,1,MR051796B,512,512,0.0,2766.0,1122,0.00428009033203125
/content/brain_tumor_mat/2975.mat,2975,1,MR052550,512,512,0.0,3734.0,791,0.003017425537109375
/content/brain_tumor_mat/2976.mat,2976,1,MR052550,512,512,0.0,3760.0,1237,0.004718780517578125
/content/brain_tumor_mat/2977.mat,2977,1,MR052550,512,512,0.0,4594.0,1862,0.00710296630859375
/content/brain_tumor_mat/2978.mat,2978,1,MR052550,512,512,0.0,5186.0,2759,0.010524749755859375
/content/brain_tumor_mat/2979.mat,2979,1,MR052550,512,512,0.0,5274.0,3185,0.012149810791015625
/content/brain_tumor_mat/2980.mat,2980,1,MR052550,512,512,0.0,5404.0,3163,0.012065887451171875
/content/brain_tumor_mat/2981.mat,2981,1,MR052550,512,512,0.0,3942.0,2486,0.00948333740234375
/content/brain_tumor_mat/2982.mat,2982,1,MR052550,512,512,0.0,5619.0,1194,0.00455474853515625
/content/brain_tumor_mat/2983.mat,2983,1,MR051644C,512,512,0.0,3740.0,5023,0.019161224365234375
/content/brain_tumor_mat/2984.mat,2984,1,MR051644C,512,512,0.0,3480.0,6041,0.023044586181640625
/content/brain_tumor_mat/2985.mat,2985,1,MR051644C,512,512,0.0,2699.0,6611,0.025218963623046875
/content/brain_tumor_mat/2986.mat,2986,1,MR051644C,512,512,0.0,3104.0,4673,0.017826080322265625
/content/brain_tumor_mat/2987.mat,2987,1,MR051644C,512,512,0.0,2875.0,11515,0.043926239013671875
/content/brain_tumor_mat/2988.mat,2988,1,MR051644C,512,512,0.0,3344.0,14117,0.053852081298828125
/content/brain_tumor_mat/2989.mat,2989,1,MR051644C,512,512,0.0,3390.0,21352,0.081451416015625
/content/brain_tumor_mat/2990.mat,2990,1,MR051644C,512,512,0.0,3367.0,11110,0.04238128662109375
/content/brain_tumor_mat/2991.mat,2991,1,MR051644C,512,512,0.0,3209.0,12492,0.0476531982421875
/content/brain_tumor_mat/2992.mat,2992,1,MR051644C,512,512,0.0,4443.0,11674,0.04453277587890625
/content/brain_tumor_mat/2993.mat,2993,1,MR049942B,512,512,0.0,4054.0,2980,0.0113677978515625
/content/brain_tumor_mat/2994.mat,2994,1,MR049942B,512,512,0.0,3646.0,4310,0.01644134521484375
/content/brain_tumor_mat/2995.mat,2995,1,MR049942B,512,512,0.0,3928.0,4783,0.018245697021484375
/content/brain_tumor_mat/2996.mat,2996,1,MR052585B,512,512,0.0,3963.0,1474,0.00562286376953125
/content/brain_tumor_mat/2997.mat,2997,1,MR052585B,512,512,0.0,3418.0,1411,0.005382537841796875
/content/brain_tumor_mat/2998.mat,2998,1,MR052585B,512,512,0.0,4070.0,7383,0.028163909912109375
/content/brain_tumor_mat/2999.mat,2999,1,MR053110B,512,512,0.0,4565.0,5099,0.019451141357421875
/content/brain_tumor_mat/3000.mat,3000,1,MR053110B,512,512,0.0,4178.0,6690,0.02552032470703125
/content/brain_tumor_mat/3001.mat,3001,1,MR053110B,512,512,0.0,4448.0,8209,0.031314849853515625
/content/brain_tumor_mat/3002.mat,3002,1,MR053110B,512,512,0.0,4237.0,10104,0.038543701171875
/content/brain_tumor_mat/3003.mat,3003,1,MR053110B,512,512,0.0,4809.0,7024,0.02679443359375
/content/brain_tumor_mat/3004.mat,3004,1,MR053110B,512,512,0.0,5363.0,344,0.001312255859375
/content/brain_tumor_mat/3005.mat,3005,1,MR034694,512,512,0.0,1912.0,2652,0.0101165771484375
/content/brain_tumor_mat/3006.mat,3006,1,MR034694,512,512,0.0,1609.0,4774,0.01821136474609375
/content/brain_tumor_mat/3007.mat,3007,1,MR034694,512,512,0.0,1668.0,4258,0.01624298095703125
/content/brain_tumor_mat/3008.mat,3008,1,MR034694,512,512,0.0,1702.0,4220,0.0160980224609375
/content/brain_tumor_mat/3009.mat,3009,1,MR054875,512,512,0.0,3103.0,2135,0.008144378662109375
/content/brain_tumor_mat/3010.mat,3010,1,MR054875,512,512,0.0,3021.0,2462,0.00939178466796875
/content/brain_tumor_mat/3011.mat,3011,1,MR054875,512,512,0.0,3083.0,1039,0.003963470458984375
/content/brain_tumor_mat/3012.mat,3012,1,MR054875,512,512,0.0,3360.0,1707,0.006511688232421875
/content/brain_tumor_mat/3013.mat,3013,1,MR054875,512,512,0.0,3000.0,1907,0.007274627685546875
/content/brain_tumor_mat/3014.mat,3014,1,MR050687C,512,512,0.0,5601.0,5078,0.01937103271484375
/content/brain_tumor_mat/3015.mat,3015,1,MR050687C,512,512,0.0,4455.0,6083,0.023204803466796875
/content/brain_tumor_mat/3016.mat,3016,1,MR050687C,512,512,0.0,3479.0,6973,0.026599884033203125
/content/brain_tumor_mat/3017.mat,3017,1,MR050687C,512,512,0.0,3829.0,9011,0.034374237060546875
/content/brain_tumor_mat/3018.mat,3018,1,MR050687C,512,512,0.0,3881.0,8686,0.03313446044921875
/content/brain_tumor_mat/3019.mat,3019,1,MR050687C,512,512,0.0,4249.0,3658,0.01395416259765625
/content/brain_tumor_mat/3020.mat,3020,1,MR056144,512,512,0.0,2653.0,3239,0.012355804443359375
/content/brain_tumor_mat/3021.mat,3021,1,MR056144,512,512,0.0,2644.0,2475,0.009441375732421875
/content/brain_tumor_mat/3022.mat,3022,1,MR034997,512,512,0.0,1530.0,1653,0.006305694580078125
/content/brain_tumor_mat/3023.mat,3023,1,MR034997,512,512,0.0,1742.0,3483,0.013286590576171875
/content/brain_tumor_mat/3024.mat,3024,1,MR034997,512,512,0.0,1630.0,5674,0.02164459228515625
/content/brain_tumor_mat/3025.mat,3025,1,MR034997,512,512,0.0,1554.0,6471,0.024684906005859375
/content/brain_tumor_mat/3026.mat,3026,1,MR034997,512,512,0.0,1679.0,5022,0.01915740966796875
/content/brain_tumor_mat/3027.mat,3027,1,MR034997,512,512,0.0,1886.0,3407,0.012996673583984375
/content/brain_tumor_mat/3028.mat,3028,1,MR034997,512,512,0.0,1822.0,671,0.002559661865234375
/content/brain_tumor_mat/3029.mat,3029,1,MR029209E,512,512,0.0,1688.0,4015,0.015316009521484375
/content/brain_tumor_mat/3030.mat,3030,0,53669,512,512,0.0,648.0,5273,0.020114898681640625
/content/brain_tumor_mat/3031.mat,3031,1,MR033389B,512,512,0.0,1607.0,16899,0.06446456909179688
/content/brain_tumor_mat/3032.mat,3032,1,MR033389B,512,512,0.0,1995.0,20042,0.07645416259765625
/content/brain_tumor_mat/3033.mat,3033,1,MR033389B,512,512,0.0,1719.0,18964,0.0723419189453125
/content/brain_tumor_mat/3034.mat,3034,1,MR033389B,512,512,0.0,1776.0,16885,0.06441116333007812
/content/brain_tumor_mat/3035.mat,3035,1,MR033389B,512,512,0.0,1759.0,8933,0.034076690673828125
/content/brain_tumor_mat/3036.mat,3036,1,MR033389B,512,512,0.0,1780.0,2046,0.00780487060546875
/content/brain_tumor_mat/3037.mat,3037,1,MR033389B,512,512,0.0,2266.0,2929,0.011173248291015625
/content/brain_tumor_mat/3038.mat,3038,1,MR033389B,512,512,0.0,1676.0,2519,0.009609222412109375
/content/brain_tumor_mat/3039.mat,3039,1,MR024780E,512,512,0.0,4478.0,308,0.0011749267578125
/content/brain_tumor_mat/3040.mat,3040,1,MR024780E,512,512,0.0,4216.0,782,0.00298309326171875
/content/brain_tumor_mat/3041.mat,3041,1,MR024780E,512,512,0.0,4252.0,668,0.0025482177734375
/content/brain_tumor_mat/3042.mat,3042,1,MR040240C,512,512,0.0,5807.0,5579,0.021282196044921875
/content/brain_tumor_mat/3043.mat,3043,1,MR040240C,512,512,0.0,5676.0,4012,0.0153045654296875
/content/brain_tumor_mat/3044.mat,3044,1,MR040240C,512,512,0.0,6289.0,8940,0.0341033935546875
/content/brain_tumor_mat/3045.mat,3045,1,MR040240C,512,512,0.0,6095.0,7876,0.0300445556640625
/content/brain_tumor_mat/3046.mat,3046,1,MR040240C,512,512,0.0,5955.0,4376,0.016693115234375
/content/brain_tumor_mat/3047.mat,3047,1,MR040240D,512,512,0.0,4268.0,801,0.003055572509765625
/content/brain_tumor_mat/3048.mat,3048,1,MR040240D,512,512,0.0,3563.0,511,0.001949310302734375
/content/brain_tumor_mat/3049.mat,3049,1,MR017260F,512,512,0.0,3724.0,2240,0.008544921875
/content/brain_tumor_mat/3050.mat,3050,1,MR017260F,512,512,0.0,3656.0,5686,0.02169036865234375
/content/brain_tumor_mat/3051.mat,3051,1,MR017260F,512,512,0.0,3749.0,9404,0.0358734130859375
/content/brain_tumor_mat/3052.mat,3052,1,MR017260F,512,512,0.0,4606.0,11295,0.043087005615234375
/content/brain_tumor_mat/3053.mat,3053,1,MR017260F,512,512,0.0,3843.0,13147,0.050151824951171875
/content/brain_tumor_mat/3054.mat,3054,1,MR017260F,512,512,0.0,4102.0,14816,0.0565185546875
/content/brain_tumor_mat/3055.mat,3055,1,MR017260F,512,512,0.0,4043.0,13232,0.05047607421875
/content/brain_tumor_mat/3056.mat,3056,1,MR029209I,512,512,0.0,3843.0,4052,0.0154571533203125
/content/brain_tumor_mat/3057.mat,3057,1,MR029209I,512,512,0.0,3444.0,5130,0.01956939697265625
/content/brain_tumor_mat/3058.mat,3058,1,MR029209I,512,512,0.0,3698.0,8872,0.033843994140625
/content/brain_tumor_mat/3059.mat,3059,1,MR029209I,512,512,0.0,3246.0,8329,0.031772613525390625
/content/brain_tumor_mat/3060.mat,3060,1,MR029209I,512,512,0.0,3686.0,7937,0.030277252197265625
/content/brain_tumor_mat/3061.mat,3061,1,MR029209I,512,512,0.0,3844.0,4537,0.017307281494140625
/content/brain_tumor_mat/3062.mat,3062,1,MR029209I,512,512,0.0,3963.0,612,0.0023345947265625
/content/brain_tumor_mat/3063.mat,3063,0,95969,512,512,0.0,1448.0,1690,0.00644683837890625
/content/brain_tumor_mat/3064.mat,3064,0,88510,512,512,0.0,2446.0,3318,0.01265716552734375
